time_s,theta_rad,omega_rad_s,u,pwm_command,next_theta_rad,next_omega_rad_s,reward
0.000000000000000000e+00,8.726646006107330322e-02,0.000000000000000000e+00,1.797834396362304688e+00,7.191337585449218750e+01,8.564131706953048706e-02,-3.155308961868286133e-01,-1.263564309848183298e-01
1.000000000000000021e-02,8.564131706953048706e-02,-3.155308961868286133e-01,8.569488525390625000e-01,3.427795410156250000e+01,8.240215480327606201e-02,-3.262890875339508057e-01,-1.218678018586203393e-01
2.000000000000000042e-02,8.240215480327606201e-02,-3.262890875339508057e-01,7.841205596923828125e-01,3.136482238769531250e+01,7.912502437829971313e-02,-3.234689831733703613e-01,-1.155386361897273451e-01
2.999999999999999889e-02,7.912502437829971313e-02,-3.234689831733703613e-01,7.508907318115234375e-01,3.003562927246093750e+01,7.587912678718566895e-02,-3.202421963214874268e-01,-1.094177834881328443e-01
4.000000000000000083e-02,7.587912678718566895e-02,-3.202421963214874268e-01,7.192306518554687500e-01,2.876922607421875000e+01,7.266640663146972656e-02,-3.170253634452819824e-01,-1.035739000944351090e-01
5.000000000000000278e-02,7.266640663146972656e-02,-3.170253634452819824e-01,6.873188018798828125e-01,2.749275207519531250e+01,6.948773562908172607e-02,-3.136252462863922119e-01,-9.793825771482786435e-02
5.999999999999999778e-02,6.948773562908172607e-02,-3.136252462863922119e-01,6.563777923583984375e-01,2.625511169433593750e+01,6.634388118982315063e-02,-3.102521598339080811e-01,-9.257413535467469423e-02
7.000000000000000666e-02,6.634388118982315063e-02,-3.102521598339080811e-01,6.258049011230468750e-01,2.503219604492187500e+01,6.323450058698654175e-02,-3.069154918193817139e-01,-8.747621112921635800e-02
8.000000000000000167e-02,6.323450058698654175e-02,-3.069154918193817139e-01,5.955600738525390625e-01,2.382240295410156250e+01,6.015925109386444092e-02,-3.036123514175415039e-01,-8.263627570257017774e-02
8.999999999999999667e-02,6.015925109386444092e-02,-3.036123514175415039e-01,5.656623840332031250e-01,2.262649536132812500e+01,5.711775273084640503e-02,-3.003474473953247070e-01,-7.804864704546185528e-02
1.000000000000000056e-01,5.711775273084640503e-02,-3.003474473953247070e-01,5.360813140869140625e-01,2.144325256347656250e+01,5.410963669419288635e-02,-2.971165478229522705e-01,-7.370503131884231784e-02
1.100000000000000006e-01,5.410963669419288635e-02,-2.971165478229522705e-01,5.068302154541015625e-01,2.027320861816406250e+01,5.113454535603523254e-02,-2.939209938049316406e-01,-6.959906975564630893e-02
1.199999999999999956e-01,5.113454535603523254e-02,-2.939209938049316406e-01,4.778976440429687500e-01,1.911590576171875000e+01,4.819212108850479126e-02,-2.907595336437225342e-01,-6.572374660957093495e-02
1.300000000000000044e-01,4.819212108850479126e-02,-2.907595336437225342e-01,4.492855072021484375e-01,1.797142028808593750e+01,4.528201743960380554e-02,-2.876326739788055420e-01,-6.207274834330777508e-02
1.400000000000000133e-01,4.528201743960380554e-02,-2.876326739788055420e-01,4.209880828857421875e-01,1.683952331542968750e+01,4.240387305617332458e-02,-2.845402359962463379e-01,-5.863968371799625073e-02
1.499999999999999944e-01,4.240387305617332458e-02,-2.845402359962463379e-01,3.929977416992187500e-01,1.571990966796875000e+01,3.955734521150588989e-02,-2.814805209636688232e-01,-5.541792658439029240e-02
1.600000000000000033e-01,3.955734521150588989e-02,-2.814805209636688232e-01,3.653202056884765625e-01,1.461280822753906250e+01,3.674208745360374451e-02,-2.784550189971923828e-01,-5.240186826915376600e-02
1.700000000000000122e-01,3.674208745360374451e-02,-2.784550189971923828e-01,3.379402160644531250e-01,1.351760864257812500e+01,3.395776078104972839e-02,-2.754611372947692871e-01,-4.958492202261741144e-02
1.799999999999999933e-01,3.395776078104972839e-02,-2.754611372947692871e-01,3.108673095703125000e-01,1.243469238281250000e+01,3.120403736829757690e-02,-2.725006341934204102e-01,-4.696185222166468498e-02
1.900000000000000022e-01,3.120403736829757690e-02,-2.725006341934204102e-01,2.840900421142578125e-01,1.136360168457031250e+01,2.848057448863983154e-02,-2.695724368095397949e-01,-4.452679102998179095e-02
2.000000000000000111e-01,2.848057448863983154e-02,-2.695724368095397949e-01,2.576084136962890625e-01,1.030433654785156250e+01,2.578704059123992920e-02,-2.666767239570617676e-01,-4.227431718318432063e-02
2.099999999999999922e-01,2.578704059123992920e-02,-2.666767239570617676e-01,2.272300720214843750e-01,9.089202880859375000e+00,2.313022129237651825e-02,-2.624098360538482666e-01,-3.983116268122643272e-02
2.200000000000000011e-01,2.313022129237651825e-02,-2.624098360538482666e-01,2.009124755859375000e-01,8.036499023437500000e+00,2.051766589283943176e-02,-2.579892575740814209e-01,-3.752934181120633900e-02
2.300000000000000100e-01,2.051766589283943176e-02,-2.579892575740814209e-01,1.756515502929687500e-01,7.026062011718750000e+00,1.794985681772232056e-02,-2.536210715770721436e-01,-3.541465465952700620e-02
2.399999999999999911e-01,1.794985681772232056e-02,-2.536210715770721436e-01,1.508884429931640625e-01,6.035537719726562500e+00,1.542615145444869995e-02,-2.493258565664291382e-01,-3.348411968038279840e-02
2.500000000000000000e-01,1.542615145444869995e-02,-2.493258565664291382e-01,1.265563964843750000e-01,5.062255859375000000e+00,1.294580288231372833e-02,-2.451042085886001587e-01,-3.172999040409752586e-02
2.600000000000000089e-01,1.294580288231372833e-02,-2.451042085886001587e-01,2.864265441894531250e-02,1.145706176757812500e+00,1.063386909663677216e-02,-2.161575555801391602e-01,-2.449365800262765652e-02
2.700000000000000178e-01,1.063386909663677216e-02,-2.161575555801391602e-01,-6.046104431152343750e-02,-2.418441772460937500e+00,8.727856911718845367e-03,-1.644789576530456543e-01,-1.429207325294089455e-02
2.800000000000000266e-01,8.727856911718845367e-03,-1.644789576530456543e-01,-4.966926574707031250e-02,-1.986770629882812500e+00,7.294194307178258896e-03,-1.218359172344207764e-01,-7.956514813747650461e-03
2.899999999999999800e-01,7.294194307178258896e-03,-1.218359172344207764e-01,-2.962684631347656250e-02,-1.185073852539062500e+00,6.233641877770423889e-03,-8.992348611354827881e-02,-4.432577396940049451e-03
2.999999999999999889e-01,6.233641877770423889e-03,-8.992348611354827881e-02,-1.368904113769531250e-02,-5.475616455078125000e-01,5.450917873531579971e-03,-6.631544232368469238e-02,-2.496181439007086854e-03
3.099999999999999978e-01,5.450917873531579971e-03,-6.631544232368469238e-02,-1.758575439453125000e-03,-7.034301757812500000e-02,4.873516503721475601e-03,-4.889164492487907410e-02,-1.432711212386742665e-03
3.200000000000000067e-01,4.873516503721475601e-03,-4.889164492487907410e-02,7.066726684570312500e-03,2.826690673828125000e-01,4.447623156011104584e-03,-3.603789582848548889e-02,-8.472283475780934773e-04
3.300000000000000155e-01,4.447623156011104584e-03,-3.603789582848548889e-02,1.358413696289062500e-02,5.433654785156250000e-01,4.133488051593303680e-03,-2.655762061476707458e-02,-5.236953758991545966e-04
3.400000000000000244e-01,4.133488051593303680e-03,-2.655762061476707458e-02,1.838874816894531250e-02,7.355499267578125000e-01,3.901784541085362434e-03,-1.956473849713802338e-02,-3.439668785159462078e-04
3.500000000000000333e-01,3.901784541085362434e-03,-1.956473849713802338e-02,2.193450927734375000e-02,8.773803710937500000e-01,3.730881260707974434e-03,-1.440717652440071106e-02,-2.434592520840528655e-04
3.599999999999999867e-01,3.730881260707974434e-03,-1.440717652440071106e-02,2.454566955566406250e-02,9.818267822265625000e-01,3.604827681556344032e-03,-1.060194335877895355e-02,-1.867509204830423942e-04
3.699999999999999956e-01,3.604827681556344032e-03,-1.060194335877895355e-02,2.647590637207031250e-02,1.059036254882812500e+00,3.511858172714710236e-03,-7.795578800141811371e-03,-1.544179770880886159e-04
3.800000000000000044e-01,3.511858172714710236e-03,-7.795578800141811371e-03,2.790069580078125000e-02,1.116027832031250000e+00,3.443286055698990822e-03,-5.726310890167951584e-03,-1.357359610106898093e-04
3.900000000000000133e-01,3.443286055698990822e-03,-5.726310890167951584e-03,2.894973754882812500e-02,1.157989501953125000e+00,3.392705693840980530e-03,-4.200099036097526550e-03,-1.247630248686688219e-04
4.000000000000000222e-01,3.392705693840980530e-03,-4.200099036097526550e-03,2.972221374511718750e-02,1.188888549804687500e+00,3.355397377163171768e-03,-3.074017120525240898e-03,-1.181951144152746882e-04
4.100000000000000311e-01,3.355397377163171768e-03,-3.074017120525240898e-03,3.029441833496093750e-02,1.211776733398437500e+00,3.327877726405858994e-03,-2.243879716843366623e-03,-1.141829550414202139e-04
4.199999999999999845e-01,3.327877726405858994e-03,-2.243879716843366623e-03,3.071212768554687500e-02,1.228485107421875000e+00,3.307581180706620216e-03,-1.630583894439041615e-03,-1.116735690594350579e-04
4.299999999999999933e-01,3.307581180706620216e-03,-1.630583894439041615e-03,3.102684020996093750e-02,1.241073608398437500e+00,3.292610868811607361e-03,-1.179423532448709011e-03,-1.100710554026404123e-04
4.400000000000000022e-01,3.292610868811607361e-03,-1.179423532448709011e-03,3.125381469726562500e-02,1.250152587890625000e+00,3.281566081568598747e-03,-8.461436955258250237e-04,-1.090215437065455506e-04
4.500000000000000111e-01,3.281566081568598747e-03,-8.461436955258250237e-04,3.141975402832031250e-02,1.256790161132812500e+00,3.273424226790666580e-03,-5.993187660351395607e-04,-1.083198516427300560e-04
4.600000000000000200e-01,3.273424226790666580e-03,-5.993187660351395607e-04,3.155136108398437500e-02,1.262054443359375000e+00,3.267417894676327705e-03,-4.193172790110111237e-04,-1.078436000328624849e-04
4.700000000000000289e-01,3.267417894676327705e-03,-4.193172790110111237e-04,3.163909912109375000e-02,1.265563964843750000e+00,3.262982005253434181e-03,-2.855128550436347723e-04,-1.075123062686291744e-04
4.799999999999999822e-01,3.262982005253434181e-03,-2.855128550436347723e-04,3.170585632324218750e-02,1.268234252929687500e+00,3.259711200371384621e-03,-1.864692167146131396e-04,-1.072798218510571396e-04
4.899999999999999911e-01,3.259711200371384621e-03,-1.864692167146131396e-04,3.175735473632812500e-02,1.270294189453125000e+00,3.257299773395061493e-03,-1.138122242991812527e-04,-1.071150185648137422e-04
5.000000000000000000e-01,3.257299773395061493e-03,-1.138122242991812527e-04,3.179359436035156250e-02,1.271743774414062500e+00,3.255520714446902275e-03,-6.003658563713543117e-05,-1.069967907082609014e-04
5.100000000000000089e-01,3.255520714446902275e-03,-6.003658563713543117e-05,3.182029724121093750e-02,1.272811889648437500e+00,3.254210343584418297e-03,-2.017599763348698616e-05,-1.069115915055791026e-04
5.200000000000000178e-01,3.254210343584418297e-03,-2.017599763348698616e-05,3.184127807617187500e-02,1.273651123046875000e+00,3.253245493397116661e-03,8.999377314466983080e-06,-1.068499737664031573e-04
5.300000000000000266e-01,3.253245493397116661e-03,8.999377314466983080e-06,3.185653686523437500e-02,1.274261474609375000e+00,3.252533497288823128e-03,3.036751695617567748e-05,-1.068050456969188693e-04
5.400000000000000355e-01,3.252533497288823128e-03,3.036751695617567748e-05,3.186798095703125000e-02,1.274719238281250000e+00,3.252006368711590767e-03,4.591022297972813249e-05,-1.067720689642097907e-04
5.500000000000000444e-01,3.252006368711590767e-03,4.591022297972813249e-05,3.187370300292968750e-02,1.274948120117187500e+00,3.251617541536688805e-03,5.805664113722741604e-05,-1.067477855712970993e-04
5.600000000000000533e-01,3.251617541536688805e-03,5.805664113722741604e-05,3.188323974609375000e-02,1.275329589843750000e+00,3.251329064369201660e-03,6.592849240405485034e-05,-1.067301136060247371e-04
5.700000000000000622e-01,3.251329064369201660e-03,6.592849240405485034e-05,3.188323974609375000e-02,1.275329589843750000e+00,3.251115093007683754e-03,7.298053242266178131e-05,-1.067166989009245601e-04
5.799999999999999600e-01,3.251115093007683754e-03,7.298053242266178131e-05,3.188896179199218750e-02,1.275558471679687500e+00,3.250959329307079315e-03,7.752770034130662680e-05,-1.067072729238054157e-04
5.899999999999999689e-01,3.250959329307079315e-03,7.752770034130662680e-05,3.189086914062500000e-02,1.275634765625000000e+00,3.250843612477183342e-03,8.099789556581526995e-05,-1.067001460241696626e-04
5.999999999999999778e-01,3.250843612477183342e-03,8.099789556581526995e-05,3.189086914062500000e-02,1.275634765625000000e+00,3.250760957598686218e-03,8.414452895522117615e-05,-1.066950378271300264e-04
6.099999999999999867e-01,3.250760957598686218e-03,8.414452895522117615e-05,3.189468383789062500e-02,1.275787353515625000e+00,3.250702284276485443e-03,8.579300629207864404e-05,-1.066916098975930263e-04
6.199999999999999956e-01,3.250702284276485443e-03,8.579300629207864404e-05,3.189659118652343750e-02,1.275863647460937500e+00,3.250656183809041977e-03,8.663661719765514135e-05,-1.066888021816148817e-04
6.300000000000000044e-01,3.250656183809041977e-03,8.663661719765514135e-05,3.189468383789062500e-02,1.275787353515625000e+00,3.250621026381850243e-03,8.798139606369659305e-05,-1.066865113478409840e-04
6.400000000000000133e-01,3.250621026381850243e-03,8.798139606369659305e-05,3.189659118652343750e-02,1.275863647460937500e+00,3.250595647841691971e-03,8.859343506628647447e-05,-1.066850352137018267e-04
6.500000000000000222e-01,3.250595647841691971e-03,8.859343506628647447e-05,3.189468383789062500e-02,1.275787353515625000e+00,3.250579116865992546e-03,8.977112156571820378e-05,-1.066839523254422954e-04
6.600000000000000311e-01,3.250579116865992546e-03,8.977112156571820378e-05,3.190040588378906250e-02,1.276016235351562500e+00,3.250564681366086006e-03,8.899674139684066176e-05,-1.066833053119945124e-04
6.700000000000000400e-01,3.250564681366086006e-03,8.899674139684066176e-05,3.189468383789062500e-02,1.275787353515625000e+00,3.250551875680685043e-03,9.007944026961922646e-05,-1.066822028504167002e-04
6.800000000000000488e-01,3.250551875680685043e-03,9.007944026961922646e-05,3.189659118652343750e-02,1.275863647460937500e+00,3.250546520575881004e-03,9.049854270415380597e-05,-1.066820144283080961e-04
6.900000000000000577e-01,3.250546520575881004e-03,9.049854270415380597e-05,3.189659118652343750e-02,1.275863647460937500e+00,3.250545356422662735e-03,9.090692037716507912e-05,-1.066819730156567117e-04
7.000000000000000666e-01,3.250545356422662735e-03,9.090692037716507912e-05,3.189659118652343750e-02,1.275863647460937500e+00,3.250548150390386581e-03,9.131802653428167105e-05,-1.066821988780500751e-04
7.099999999999999645e-01,3.250548150390386581e-03,9.131802653428167105e-05,3.190040588378906250e-02,1.276016235351562500e+00,3.250548848882317543e-03,9.046710329130291939e-05,-1.066824047396156759e-04
7.199999999999999734e-01,3.250548848882317543e-03,9.046710329130291939e-05,3.189659118652343750e-02,1.275863647460937500e+00,3.250547451898455620e-03,9.088253864319995046e-05,-1.066821024026841982e-04
7.299999999999999822e-01,3.250547451898455620e-03,9.088253864319995046e-05,3.190040588378906250e-02,1.276016235351562500e+00,3.250543493777513504e-03,9.002160368254408240e-05,-1.066820208560919790e-04
7.399999999999999911e-01,3.250543493777513504e-03,9.002160368254408240e-05,3.189659118652343750e-02,1.275863647460937500e+00,3.250537440180778503e-03,9.041235171025618911e-05,-1.066814179447201911e-04
7.500000000000000000e-01,3.250537440180778503e-03,9.041235171025618911e-05,3.189659118652343750e-02,1.275863647460937500e+00,3.250535344704985619e-03,9.078954462893307209e-05,-1.066813074173382530e-04
7.600000000000000089e-01,3.250535344704985619e-03,9.078954462893307209e-05,3.189659118652343750e-02,1.275863647460937500e+00,3.250536741688847542e-03,9.116560249822214246e-05,-1.066814422236053814e-04
7.700000000000000178e-01,3.250536741688847542e-03,9.116560249822214246e-05,3.189659118652343750e-02,1.275863647460937500e+00,3.250542096793651581e-03,9.155291627394035459e-05,-1.066818267759716231e-04
7.800000000000000266e-01,3.250542096793651581e-03,9.155291627394035459e-05,3.190040588378906250e-02,1.276016235351562500e+00,3.250545123592019081e-03,9.068594226846471429e-05,-1.066821787582188184e-04
7.900000000000000355e-01,3.250545123592019081e-03,9.068594226846471429e-05,3.189659118652343750e-02,1.275863647460937500e+00,3.250545822083950043e-03,9.109253733186051250e-05,-1.066820153663884793e-04
8.000000000000000444e-01,3.250545822083950043e-03,9.109253733186051250e-05,3.190040588378906250e-02,1.276016235351562500e+00,3.250543959438800812e-03,9.022967424243688583e-05,-1.066820696094072067e-04
8.100000000000000533e-01,3.250543959438800812e-03,9.022967424243688583e-05,3.189659118652343750e-02,1.275863647460937500e+00,3.250540001317858696e-03,9.062535536941140890e-05,-1.066816043390490906e-04
8.200000000000000622e-01,3.250540001317858696e-03,9.062535536941140890e-05,3.189659118652343750e-02,1.275863647460937500e+00,3.250540001317858696e-03,9.101448813453316689e-05,-1.066816375775077883e-04
8.300000000000000711e-01,3.250540001317858696e-03,9.101448813453316689e-05,3.189659118652343750e-02,1.275863647460937500e+00,3.250543959438800812e-03,9.140990005107596517e-05,-1.066819270178233890e-04
8.399999999999999689e-01,3.250543959438800812e-03,9.140990005107596517e-05,3.190040588378906250e-02,1.276016235351562500e+00,3.250545356422662735e-03,9.054630936589092016e-05,-1.066821873827435374e-04
8.499999999999999778e-01,3.250545356422662735e-03,9.054630936589092016e-05,3.189659118652343750e-02,1.275863647460937500e+00,3.250544657930731773e-03,9.095168934436514974e-05,-1.066819324893969684e-04
8.599999999999999867e-01,3.250544657930731773e-03,9.095168934436514974e-05,3.190040588378906250e-02,1.276016235351562500e+00,3.250541398301720619e-03,9.008297638501971960e-05,-1.066818926975447685e-04
8.699999999999999956e-01,3.250541398301720619e-03,9.008297638501971960e-05,3.189659118652343750e-02,1.275863647460937500e+00,3.250536043196916580e-03,9.046796913025900722e-05,-1.066813273950724687e-04
8.800000000000000044e-01,3.250536043196916580e-03,9.046796913025900722e-05,3.189659118652343750e-02,1.275863647460937500e+00,3.250534413382411003e-03,9.084124030778184533e-05,-1.066812514841647142e-04
8.900000000000000133e-01,3.250534413382411003e-03,9.084124030778184533e-05,3.189659118652343750e-02,1.275863647460937500e+00,3.250536276027560234e-03,9.121507900999858975e-05,-1.066814190573390857e-04
9.000000000000000222e-01,3.250536276027560234e-03,9.121507900999858975e-05,3.189659118652343750e-02,1.275863647460937500e+00,3.250542329624295235e-03,9.160181070910766721e-05,-1.066818356085752712e-04
9.100000000000000311e-01,3.250542329624295235e-03,9.160181070910766721e-05,3.190040588378906250e-02,1.276016235351562500e+00,3.250545589253306389e-03,9.073585533769801259e-05,-1.066822198138757800e-04
9.200000000000000400e-01,3.250545589253306389e-03,9.073585533769801259e-05,3.189659118652343750e-02,1.275863647460937500e+00,3.250546753406524658e-03,9.114511340158060193e-05,-1.066820900567691229e-04
9.300000000000000488e-01,3.250546753406524658e-03,9.114511340158060193e-05,3.190040588378906250e-02,1.276016235351562500e+00,3.250545589253306389e-03,9.028664499055594206e-05,-1.066821803206051471e-04
9.400000000000000577e-01,3.250545589253306389e-03,9.028664499055594206e-05,3.189659118652343750e-02,1.275863647460937500e+00,3.250542329624295235e-03,9.068859799299389124e-05,-1.066817547830984259e-04
9.500000000000000666e-01,3.250542329624295235e-03,9.068859799299389124e-05,3.189659118652343750e-02,1.275863647460937500e+00,3.250542795285582542e-03,9.108609083341434598e-05,-1.066818327099237104e-04
9.599999999999999645e-01,3.250542795285582542e-03,9.108609083341434598e-05,3.190040588378906250e-02,1.276016235351562500e+00,3.250541165471076965e-03,9.021391451824456453e-05,-1.066818789019006574e-04
9.699999999999999734e-01,3.250541165471076965e-03,9.021391451824456453e-05,3.189659118652343750e-02,1.275863647460937500e+00,3.250536974519491196e-03,9.059976582648232579e-05,-1.066813992845038340e-04
9.799999999999999822e-01,3.250536974519491196e-03,9.059976582648232579e-05,3.189659118652343750e-02,1.275863647460937500e+00,3.250536508858203888e-03,9.097823203774169087e-05,-1.066814114156740750e-04
9.899999999999999911e-01,3.250536508858203888e-03,9.097823203774169087e-05,3.190040588378906250e-02,1.276016235351562500e+00,3.250533482059836388e-03,9.008347115013748407e-05,-1.066813780942754426e-04
1.000000000000000000e+00,3.250533482059836388e-03,9.008347115013748407e-05,3.189659118652343750e-02,1.275863647460937500e+00,3.250527894124388695e-03,9.044244507094845176e-05,-1.066808023252266440e-04
1.010000000000000009e+00,3.250527894124388695e-03,9.044244507094845176e-05,3.189468383789062500e-02,1.275787353515625000e+00,3.250529058277606964e-03,9.142800990957766771e-05,-1.066808459906332075e-04
1.020000000000000018e+00,3.250529058277606964e-03,9.142800990957766771e-05,3.189659118652343750e-02,1.275863647460937500e+00,3.250536974519491196e-03,9.179441985907033086e-05,-1.066815145201675916e-04
1.030000000000000027e+00,3.250536974519491196e-03,9.179441985907033086e-05,3.190040588378906250e-02,1.276016235351562500e+00,3.250542329624295235e-03,9.091448737308382988e-05,-1.066820182017947597e-04
1.040000000000000036e+00,3.250542329624295235e-03,9.091448737308382988e-05,3.190040588378906250e-02,1.276016235351562500e+00,3.250538604333996773e-03,9.003735613077878952e-05,-1.066817073608202990e-04
1.050000000000000044e+00,3.250538604333996773e-03,9.003735613077878952e-05,3.189468383789062500e-02,1.275787353515625000e+00,3.250536043196916580e-03,9.105159551836550236e-05,-1.066812553372409246e-04
1.060000000000000053e+00,3.250536043196916580e-03,9.105159551836550236e-05,3.189659118652343750e-02,1.275863647460937500e+00,3.250540234148502350e-03,9.143426723312586546e-05,-1.066816853330981911e-04
1.070000000000000062e+00,3.250540234148502350e-03,9.143426723312586546e-05,3.190040588378906250e-02,1.276016235351562500e+00,3.250541863963007927e-03,9.055873670149594545e-05,-1.066819565929035668e-04
1.080000000000000071e+00,3.250541863963007927e-03,9.055873670149594545e-05,3.189659118652343750e-02,1.275863647460937500e+00,3.250541165471076965e-03,9.095259156310930848e-05,-1.066817050126921509e-04
1.090000000000000080e+00,3.250541165471076965e-03,9.095259156310930848e-05,3.190040588378906250e-02,1.276016235351562500e+00,3.250537905842065811e-03,9.007238259073346853e-05,-1.066816610451698603e-04
1.100000000000000089e+00,3.250537905842065811e-03,9.007238259073346853e-05,3.189468383789062500e-02,1.275787353515625000e+00,3.250535577535629272e-03,9.108468657359480858e-05,-1.066812310669232626e-04
1.110000000000000098e+00,3.250535577535629272e-03,9.108468657359480858e-05,3.189659118652343750e-02,1.275863647460937500e+00,3.250540001317858696e-03,9.146652155322954059e-05,-1.066816822824173081e-04
1.120000000000000107e+00,3.250540001317858696e-03,9.146652155322954059e-05,3.190040588378906250e-02,1.276016235351562500e+00,3.250542096793651581e-03,9.059122385224327445e-05,-1.066819746173862301e-04
1.130000000000000115e+00,3.250542096793651581e-03,9.059122385224327445e-05,3.189659118652343750e-02,1.275863647460937500e+00,3.250541631132364273e-03,9.098637383431196213e-05,-1.066817447446776612e-04
1.140000000000000124e+00,3.250541631132364273e-03,9.098637383431196213e-05,3.190040588378906250e-02,1.276016235351562500e+00,3.250538837164640427e-03,9.010857320390641689e-05,-1.066817237456940898e-04
1.150000000000000133e+00,3.250538837164640427e-03,9.010857320390641689e-05,3.189468383789062500e-02,1.275787353515625000e+00,3.250536741688847542e-03,9.112447878578677773e-05,-1.066813188680932700e-04
1.159999999999999920e+00,3.250536741688847542e-03,9.112447878578677773e-05,3.190040588378906250e-02,1.276016235351562500e+00,3.250535344704985619e-03,9.023291931953281164e-05,-1.066815036636125161e-04
1.169999999999999929e+00,3.250535344704985619e-03,9.023291931953281164e-05,3.189468383789062500e-02,1.275787353515625000e+00,3.250534413382411003e-03,9.123916242970153689e-05,-1.066811758853628781e-04
1.179999999999999938e+00,3.250534413382411003e-03,9.123916242970153689e-05,3.189659118652343750e-02,1.275863647460937500e+00,3.250540466979146004e-03,9.162002970697358251e-05,-1.066817273655522465e-04
1.189999999999999947e+00,3.250540466979146004e-03,9.162002970697358251e-05,3.190040588378906250e-02,1.276016235351562500e+00,3.250543959438800812e-03,9.074881381820887327e-05,-1.066821212399859795e-04
1.199999999999999956e+00,3.250543959438800812e-03,9.074881381820887327e-05,3.189659118652343750e-02,1.275863647460937500e+00,3.250545356422662735e-03,9.115324792219325900e-05,-1.066819979229766249e-04
1.209999999999999964e+00,3.250545356422662735e-03,9.115324792219325900e-05,3.190040588378906250e-02,1.276016235351562500e+00,3.250544192269444466e-03,9.029021020978689194e-05,-1.066820915829624520e-04
1.219999999999999973e+00,3.250544192269444466e-03,9.029021020978689194e-05,3.189659118652343750e-02,1.275863647460937500e+00,3.250540932640433311e-03,9.068772487808018923e-05,-1.066816665249242194e-04
1.229999999999999982e+00,3.250540932640433311e-03,9.068772487808018923e-05,3.189659118652343750e-02,1.275863647460937500e+00,3.250541631132364273e-03,9.108074300456792116e-05,-1.066817420203797960e-04
1.239999999999999991e+00,3.250541631132364273e-03,9.108074300456792116e-05,3.190040588378906250e-02,1.276016235351562500e+00,3.250539535656571388e-03,9.020391007652506232e-05,-1.066817828032836919e-04
1.250000000000000000e+00,3.250539535656571388e-03,9.020391007652506232e-05,3.189468383789062500e-02,1.275787353515625000e+00,3.250538604333996773e-03,9.122393385041505098e-05,-1.066814418282421959e-04
1.260000000000000009e+00,3.250538604333996773e-03,9.122393385041505098e-05,3.189659118652343750e-02,1.275863647460937500e+00,3.250544657930731773e-03,9.161807247437536716e-05,-1.066819889025085230e-04
1.270000000000000018e+00,3.250544657930731773e-03,9.161807247437536716e-05,3.190040588378906250e-02,1.276016235351562500e+00,3.250548150390386581e-03,9.076005517272278666e-05,-1.066823869823256256e-04
1.280000000000000027e+00,3.250548150390386581e-03,9.076005517272278666e-05,3.189659118652343750e-02,1.275863647460937500e+00,3.250549547374248505e-03,9.117805893765762448e-05,-1.066822766316978744e-04
1.290000000000000036e+00,3.250549547374248505e-03,9.117805893765762448e-05,3.190040588378906250e-02,1.276016235351562500e+00,3.250548848882317543e-03,9.032942034536972642e-05,-1.066823923982311697e-04
1.300000000000000044e+00,3.250548848882317543e-03,9.032942034536972642e-05,3.189659118652343750e-02,1.275863647460937500e+00,3.250546054914593697e-03,9.074260015040636063e-05,-1.066819993954224067e-04
1.310000000000000053e+00,3.250546054914593697e-03,9.074260015040636063e-05,3.189659118652343750e-02,1.275863647460937500e+00,3.250547219067811966e-03,9.115310240304097533e-05,-1.066821179195964568e-04
1.320000000000000062e+00,3.250547219067811966e-03,9.115310240304097533e-05,3.190040588378906250e-02,1.276016235351562500e+00,3.250546054914593697e-03,9.029614011524245143e-05,-1.066822140046391705e-04
1.330000000000000071e+00,3.250546054914593697e-03,9.029614011524245143e-05,3.189659118652343750e-02,1.275863647460937500e+00,3.250542795285582542e-03,9.069991210708394647e-05,-1.066817954084228330e-04
1.340000000000000080e+00,3.250542795285582542e-03,9.069991210708394647e-05,3.189659118652343750e-02,1.275863647460937500e+00,3.250543726608157158e-03,9.109959501074627042e-05,-1.066818816153251945e-04
1.350000000000000089e+00,3.250543726608157158e-03,9.109959501074627042e-05,3.190040588378906250e-02,1.276016235351562500e+00,3.250541863963007927e-03,9.023004531627520919e-05,-1.066819376785209470e-04
1.360000000000000098e+00,3.250541863963007927e-03,9.023004531627520919e-05,3.189659118652343750e-02,1.275863647460937500e+00,3.250537905842065811e-03,9.061906166607514024e-05,-1.066814698861743942e-04
1.370000000000000107e+00,3.250537905842065811e-03,9.061906166607514024e-05,3.189659118652343750e-02,1.275863647460937500e+00,3.250537905842065811e-03,9.100132592720910907e-05,-1.066814961688907404e-04
1.380000000000000115e+00,3.250537905842065811e-03,9.100132592720910907e-05,3.189659118652343750e-02,1.275863647460937500e+00,3.250541631132364273e-03,9.138942550634965301e-05,-1.066817739908204138e-04
1.390000000000000124e+00,3.250541631132364273e-03,9.138942550634965301e-05,3.190040588378906250e-02,1.276016235351562500e+00,3.250542795285582542e-03,9.051785309566184878e-05,-1.066820177283769460e-04
1.400000000000000133e+00,3.250542795285582542e-03,9.051785309566184878e-05,3.189659118652343750e-02,1.275863647460937500e+00,3.250541631132364273e-03,9.091432002605870366e-05,-1.066817405891303357e-04
1.409999999999999920e+00,3.250541631132364273e-03,9.091432002605870366e-05,3.190040588378906250e-02,1.276016235351562500e+00,3.250538138672709465e-03,9.003545710584148765e-05,-1.066816722865999290e-04
1.419999999999999929e+00,3.250538138672709465e-03,9.003545710584148765e-05,3.189659118652343750e-02,1.275863647460937500e+00,3.250532085075974464e-03,9.040874283527955413e-05,-1.066810711624724438e-04
1.429999999999999938e+00,3.250532085075974464e-03,9.040874283527955413e-05,3.189659118652343750e-02,1.275863647460937500e+00,3.250529756769537926e-03,9.076835704036056995e-05,-1.066809509859851927e-04
1.439999999999999947e+00,3.250529756769537926e-03,9.076835704036056995e-05,3.189659118652343750e-02,1.275863647460937500e+00,3.250530920922756195e-03,9.112613770412281156e-05,-1.066810643904984982e-04
1.449999999999999956e+00,3.250530920922756195e-03,9.112613770412281156e-05,3.189659118652343750e-02,1.275863647460937500e+00,3.250535810366272926e-03,9.149387915385887027e-05,-1.066814150836977641e-04
1.459999999999999964e+00,3.250535810366272926e-03,9.149387915385887027e-05,3.190040588378906250e-02,1.276016235351562500e+00,3.250538138672709465e-03,9.060538286576047540e-05,-1.066817197366608721e-04
1.469999999999999973e+00,3.250538138672709465e-03,9.060538286576047540e-05,3.189659118652343750e-02,1.275863647460937500e+00,3.250537905842065811e-03,9.098781447391957045e-05,-1.066814938096388948e-04
1.479999999999999982e+00,3.250537905842065811e-03,9.098781447391957045e-05,3.189659118652343750e-02,1.275863647460937500e+00,3.250541398301720619e-03,9.137563756667077541e-05,-1.066817627114453019e-04
1.489999999999999991e+00,3.250541398301720619e-03,9.137563756667077541e-05,3.190040588378906250e-02,1.276016235351562500e+00,3.250542562454938889e-03,9.050333028426393867e-05,-1.066819971764847809e-04
1.500000000000000000e+00,3.250542562454938889e-03,9.050333028426393867e-05,3.189659118652343750e-02,1.275863647460937500e+00,3.250541398301720619e-03,9.089858940569683909e-05,-1.066817100708176324e-04
1.510000000000000009e+00,3.250541398301720619e-03,9.089858940569683909e-05,3.189659118652343750e-02,1.275863647460937500e+00,3.250543959438800812e-03,9.129630052484571934e-05,-1.066819249346068145e-04
1.520000000000000018e+00,3.250543959438800812e-03,9.129630052484571934e-05,3.190040588378906250e-02,1.276016235351562500e+00,3.250544425100088120e-03,9.043126192409545183e-05,-1.066821108100249397e-04
1.530000000000000027e+00,3.250544425100088120e-03,9.043126192409545183e-05,3.189659118652343750e-02,1.275863647460937500e+00,3.250542329624295235e-03,9.083141048904508352e-05,-1.066817787687381806e-04
1.540000000000000036e+00,3.250542329624295235e-03,9.083141048904508352e-05,3.189659118652343750e-02,1.275863647460937500e+00,3.250544425100088120e-03,9.123180643655359745e-05,-1.066819509689791585e-04
1.550000000000000044e+00,3.250544425100088120e-03,9.123180643655359745e-05,3.190040588378906250e-02,1.276016235351562500e+00,3.250544192269444466e-03,9.036732808453962207e-05,-1.066820951263517753e-04
1.560000000000000053e+00,3.250544192269444466e-03,9.036732808453962207e-05,3.189659118652343750e-02,1.275863647460937500e+00,3.250541631132364273e-03,9.076592687051743269e-05,-1.066817207743270951e-04
1.570000000000000062e+00,3.250541631132364273e-03,9.076592687051743269e-05,3.189659118652343750e-02,1.275863647460937500e+00,3.250543028116226196e-03,9.116261207964271307e-05,-1.066818487573328124e-04
1.580000000000000071e+00,3.250543028116226196e-03,9.116261207964271307e-05,3.190040588378906250e-02,1.276016235351562500e+00,3.250542096793651581e-03,9.029214561451226473e-05,-1.066819454282455558e-04
1.590000000000000080e+00,3.250542096793651581e-03,9.029214561451226473e-05,3.189659118652343750e-02,1.275863647460937500e+00,3.250538604333996773e-03,9.068228246178478003e-05,-1.066815185726309668e-04
1.600000000000000089e+00,3.250538604333996773e-03,9.068228246178478003e-05,3.189659118652343750e-02,1.275863647460937500e+00,3.250539069995284081e-03,9.106775542022660375e-05,-1.066815873913918780e-04
1.610000000000000098e+00,3.250539069995284081e-03,9.106775542022660375e-05,3.189659118652343750e-02,1.275863647460937500e+00,3.250543493777513504e-03,9.146126103587448597e-05,-1.066819107521894348e-04
1.620000000000000107e+00,3.250543493777513504e-03,9.146126103587448597e-05,3.190040588378906250e-02,1.276016235351562500e+00,3.250545589253306389e-03,9.059745207196101546e-05,-1.066822044320084507e-04
1.630000000000000115e+00,3.250545589253306389e-03,9.059745207196101546e-05,3.189659118652343750e-02,1.275863647460937500e+00,3.250545356422662735e-03,9.100430179387331009e-05,-1.066819834762401881e-04
1.640000000000000124e+00,3.250545356422662735e-03,9.100430179387331009e-05,3.190040588378906250e-02,1.276016235351562500e+00,3.250542795285582542e-03,9.013878297992050648e-05,-1.066819792274738103e-04
1.650000000000000133e+00,3.250542795285582542e-03,9.013878297992050648e-05,3.189659118652343750e-02,1.275863647460937500e+00,3.250537905842065811e-03,9.052881796378642321e-05,-1.066814523823862888e-04
1.660000000000000142e+00,3.250537905842065811e-03,9.052881796378642321e-05,3.189659118652343750e-02,1.275863647460937500e+00,3.250536741688847542e-03,9.090912499232217669e-05,-1.066814190444778594e-04
1.669999999999999929e+00,3.250536741688847542e-03,9.090912499232217669e-05,3.189659118652343750e-02,1.275863647460937500e+00,3.250539535656571388e-03,9.129224054049700499e-05,-1.066816347104684458e-04
1.679999999999999938e+00,3.250539535656571388e-03,9.129224054049700499e-05,3.190040588378906250e-02,1.276016235351562500e+00,3.250539768487215042e-03,9.041248267749324441e-05,-1.066818118408288196e-04
1.689999999999999947e+00,3.250539768487215042e-03,9.041248267749324441e-05,3.189659118652343750e-02,1.275863647460937500e+00,3.250537673011422157e-03,9.079728624783456326e-05,-1.066814611912940208e-04
1.699999999999999956e+00,3.250537673011422157e-03,9.079728624783456326e-05,3.189659118652343750e-02,1.275863647460937500e+00,3.250539302825927734e-03,9.118121670326218009e-05,-1.066816043123872717e-04
1.709999999999999964e+00,3.250539302825927734e-03,9.118121670326218009e-05,3.189659118652343750e-02,1.275863647460937500e+00,3.250544890761375427e-03,9.157691238215193152e-05,-1.066820025241081260e-04
1.719999999999999973e+00,3.250544890761375427e-03,9.157691238215193152e-05,3.190040588378906250e-02,1.276016235351562500e+00,3.250547917559742928e-03,9.071910608327016234e-05,-1.066823739179489374e-04
1.729999999999999982e+00,3.250547917559742928e-03,9.071910608327016234e-05,3.189659118652343750e-02,1.275863647460937500e+00,3.250549081712961197e-03,9.113596024690195918e-05,-1.066822364018139022e-04
1.739999999999999991e+00,3.250549081712961197e-03,9.113596024690195918e-05,3.190040588378906250e-02,1.276016235351562500e+00,3.250547917559742928e-03,9.028478962136432528e-05,-1.066823237365331384e-04
1.750000000000000000e+00,3.250547917559742928e-03,9.028478962136432528e-05,3.189659118652343750e-02,1.275863647460937500e+00,3.250544425100088120e-03,9.069397492567077279e-05,-1.066818999885306039e-04
1.760000000000000009e+00,3.250544425100088120e-03,9.069397492567077279e-05,3.189659118652343750e-02,1.275863647460937500e+00,3.250545123592019081e-03,9.109887469094246626e-05,-1.066819844935695295e-04
1.770000000000000018e+00,3.250545123592019081e-03,9.109887469094246626e-05,3.190040588378906250e-02,1.276016235351562500e+00,3.250543493777513504e-03,9.023452003020793200e-05,-1.066820422422579969e-04
1.780000000000000027e+00,3.250543493777513504e-03,9.023452003020793200e-05,3.189659118652343750e-02,1.275863647460937500e+00,3.250539535656571388e-03,9.062887693289667368e-05,-1.066815795825193109e-04
1.790000000000000036e+00,3.250539535656571388e-03,9.062887693289667368e-05,3.189659118652343750e-02,1.275863647460937500e+00,3.250539535656571388e-03,9.101680188905447721e-05,-1.066816146147333655e-04
1.800000000000000044e+00,3.250539535656571388e-03,9.101680188905447721e-05,3.189659118652343750e-02,1.275863647460937500e+00,3.250543493777513504e-03,9.141107875620946288e-05,-1.066819050912584823e-04
1.810000000000000053e+00,3.250543493777513504e-03,9.141107875620946288e-05,3.190040588378906250e-02,1.276016235351562500e+00,3.250545123592019081e-03,9.054639667738229036e-05,-1.066821657690407259e-04
1.820000000000000062e+00,3.250545123592019081e-03,9.054639667738229036e-05,3.189659118652343750e-02,1.275863647460937500e+00,3.250544192269444466e-03,9.095068526221439242e-05,-1.066819104772088079e-04
1.830000000000000071e+00,3.250544192269444466e-03,9.095068526221439242e-05,3.190040588378906250e-02,1.276016235351562500e+00,3.250541165471076965e-03,9.008084452943876386e-05,-1.066818695637080576e-04
1.840000000000000080e+00,3.250541165471076965e-03,9.008084452943876386e-05,3.189659118652343750e-02,1.275863647460937500e+00,3.250535577535629272e-03,9.046464401762932539e-05,-1.066813023756067757e-04
1.850000000000000089e+00,3.250535577535629272e-03,9.046464401762932539e-05,3.189659118652343750e-02,1.275863647460937500e+00,3.250533947721123695e-03,9.083660552278161049e-05,-1.066812237542888914e-04
1.860000000000000098e+00,3.250533947721123695e-03,9.083660552278161049e-05,3.189659118652343750e-02,1.275863647460937500e+00,3.250535810366272926e-03,9.120898903347551823e-05,-1.066813877029752783e-04
1.870000000000000107e+00,3.250535810366272926e-03,9.120898903347551823e-05,3.189659118652343750e-02,1.275863647460937500e+00,3.250541631132364273e-03,9.159406181424856186e-05,-1.066817995961429500e-04
1.880000000000000115e+00,3.250541631132364273e-03,9.159406181424856186e-05,3.190040588378906250e-02,1.276016235351562500e+00,3.250544890761375427e-03,9.072619286598637700e-05,-1.066821779685514824e-04
1.890000000000000124e+00,3.250544890761375427e-03,9.072619286598637700e-05,3.189659118652343750e-02,1.275863647460937500e+00,3.250546054914593697e-03,9.113322448683902621e-05,-1.066820409894778636e-04
1.900000000000000133e+00,3.250546054914593697e-03,9.113322448683902621e-05,3.190040588378906250e-02,1.276016235351562500e+00,3.250544657930731773e-03,9.027213673107326031e-05,-1.066821224325851673e-04
1.910000000000000142e+00,3.250544657930731773e-03,9.027213673107326031e-05,3.189659118652343750e-02,1.275863647460937500e+00,3.250541165471076965e-03,9.067099017556756735e-05,-1.066816861515901667e-04
1.919999999999999929e+00,3.250541165471076965e-03,9.067099017556756735e-05,3.189659118652343750e-02,1.275863647460937500e+00,3.250541631132364273e-03,9.106480138143524528e-05,-1.066817510730899834e-04
1.929999999999999938e+00,3.250541631132364273e-03,9.106480138143524528e-05,3.189659118652343750e-02,1.275863647460937500e+00,3.250546054914593697e-03,9.146655065705999732e-05,-1.066820759353542158e-04
1.939999999999999947e+00,3.250546054914593697e-03,9.146655065705999732e-05,3.190040588378906250e-02,1.276016235351562500e+00,3.250548150390386581e-03,9.061115270014852285e-05,-1.066823765466495664e-04
1.949999999999999956e+00,3.250548150390386581e-03,9.061115270014852285e-05,3.189659118652343750e-02,1.275863647460937500e+00,3.250548150390386581e-03,9.102687181439250708e-05,-1.066821682043680970e-04
1.959999999999999964e+00,3.250548150390386581e-03,9.102687181439250708e-05,3.190040588378906250e-02,1.276016235351562500e+00,3.250545822083950043e-03,9.017095726449042559e-05,-1.066821826185872642e-04
1.969999999999999973e+00,3.250545822083950043e-03,9.017095726449042559e-05,3.189659118652343750e-02,1.275863647460937500e+00,3.250541398301720619e-03,9.057165880221873522e-05,-1.066816811695370530e-04
1.979999999999999982e+00,3.250541398301720619e-03,9.057165880221873522e-05,3.189659118652343750e-02,1.275863647460937500e+00,3.250540699809789658e-03,9.096405119635164738e-05,-1.066816807688479276e-04
1.989999999999999991e+00,3.250540699809789658e-03,9.096405119635164738e-05,3.190040588378906250e-02,1.276016235351562500e+00,3.250537673011422157e-03,9.008275083033367991e-05,-1.066816438007703484e-04
2.000000000000000000e+00,3.250537673011422157e-03,9.008275083033367991e-05,3.189468383789062500e-02,1.275787353515625000e+00,3.250535344704985619e-03,9.109430538956075907e-05,-1.066812202727904495e-04
2.010000000000000231e+00,3.250535344704985619e-03,9.109430538956075907e-05,3.189659118652343750e-02,1.275863647460937500e+00,3.250540001317858696e-03,9.147571108769625425e-05,-1.066816775751054566e-04
2.020000000000000018e+00,3.250540001317858696e-03,9.147571108769625425e-05,3.190040588378906250e-02,1.276016235351562500e+00,3.250542096793651581e-03,9.060027514351531863e-05,-1.066819758294189829e-04
2.030000000000000249e+00,3.250542096793651581e-03,9.060027514351531863e-05,3.189659118652343750e-02,1.275863647460937500e+00,3.250541863963007927e-03,9.099559247260913253e-05,-1.066817519268420161e-04
2.040000000000000036e+00,3.250541863963007927e-03,9.099559247260913253e-05,3.190040588378906250e-02,1.276016235351562500e+00,3.250539069995284081e-03,9.011826477944850922e-05,-1.066817371216373600e-04
2.049999999999999822e+00,3.250539069995284081e-03,9.011826477944850922e-05,3.189468383789062500e-02,1.275787353515625000e+00,3.250537207350134850e-03,9.113496344070881605e-05,-1.066813388962856992e-04
2.060000000000000053e+00,3.250537207350134850e-03,9.113496344070881605e-05,3.189659118652343750e-02,1.275863647460937500e+00,3.250542096793651581e-03,9.152284474112093449e-05,-1.066818253874251594e-04
2.069999999999999840e+00,3.250542096793651581e-03,9.152284474112093449e-05,3.190040588378906250e-02,1.276016235351562500e+00,3.250544657930731773e-03,9.065544145414605737e-05,-1.066821576315222619e-04
2.080000000000000071e+00,3.250544657930731773e-03,9.065544145414605737e-05,3.189659118652343750e-02,1.275863647460937500e+00,3.250545123592019081e-03,9.106061042984947562e-05,-1.066819737693488915e-04
2.089999999999999858e+00,3.250545123592019081e-03,9.106061042984947562e-05,3.189659118652343750e-02,1.275863647460937500e+00,3.250549547374248505e-03,9.147356468020007014e-05,-1.066823005596237315e-04
2.100000000000000089e+00,3.250549547374248505e-03,9.147356468020007014e-05,3.190040588378906250e-02,1.276016235351562500e+00,3.250551875680685043e-03,9.062961908057332039e-05,-1.066826104833942031e-04
2.109999999999999876e+00,3.250551875680685043e-03,9.062961908057332039e-05,3.189659118652343750e-02,1.275863647460937500e+00,3.250551875680685043e-03,9.105737990466877818e-05,-1.066824191765856331e-04
2.120000000000000107e+00,3.250551875680685043e-03,9.105737990466877818e-05,3.190040588378906250e-02,1.276016235351562500e+00,3.250550013035535812e-03,9.021452569868415594e-05,-1.066824588456724554e-04
2.129999999999999893e+00,3.250550013035535812e-03,9.021452569868415594e-05,3.189659118652343750e-02,1.275863647460937500e+00,3.250546054914593697e-03,9.062971366802230477e-05,-1.066819917959348121e-04
2.140000000000000124e+00,3.250546054914593697e-03,9.062971366802230477e-05,3.189659118652343750e-02,1.275863647460937500e+00,3.250546054914593697e-03,9.103849151870235801e-05,-1.066820360338394791e-04
2.149999999999999911e+00,3.250546054914593697e-03,9.103849151870235801e-05,3.190040588378906250e-02,1.276016235351562500e+00,3.250543959438800812e-03,9.017603588290512562e-05,-1.066820552952739811e-04
2.160000000000000142e+00,3.250543959438800812e-03,9.017603588290512562e-05,3.189659118652343750e-02,1.275863647460937500e+00,3.250539302825927734e-03,9.057035640580579638e-05,-1.066815545084353614e-04
2.169999999999999929e+00,3.250539302825927734e-03,9.057035640580579638e-05,3.189659118652343750e-02,1.275863647460937500e+00,3.250538837164640427e-03,9.095632412936538458e-05,-1.066815505926191495e-04
2.180000000000000160e+00,3.250538837164640427e-03,9.095632412936538458e-05,3.190040588378906250e-02,1.276016235351562500e+00,3.250535577535629272e-03,9.006835171021521091e-05,-1.066815058354037325e-04
2.189999999999999947e+00,3.250535577535629272e-03,9.006835171021521091e-05,3.189659118652343750e-02,1.275863647460937500e+00,3.250529756769537926e-03,9.043360478244721889e-05,-1.066809228169708033e-04
2.200000000000000178e+00,3.250529756769537926e-03,9.043360478244721889e-05,3.189659118652343750e-02,1.275863647460937500e+00,3.250527661293745041e-03,9.078600851353257895e-05,-1.066808158512661718e-04
2.209999999999999964e+00,3.250527661293745041e-03,9.078600851353257895e-05,3.189659118652343750e-02,1.275863647460937500e+00,3.250529058277606964e-03,9.113716805586591363e-05,-1.066809380084522311e-04
2.220000000000000195e+00,3.250529058277606964e-03,9.113716805586591363e-05,3.190040588378906250e-02,1.276016235351562500e+00,3.250527428463101387e-03,9.022033918881788850e-05,-1.066809989127733411e-04
2.229999999999999982e+00,3.250527428463101387e-03,9.022033918881788850e-05,3.189468383789062500e-02,1.275787353515625000e+00,3.250526497140526772e-03,9.120091272052377462e-05,-1.066806522633217253e-04
2.240000000000000213e+00,3.250526497140526772e-03,9.120091272052377462e-05,3.189659118652343750e-02,1.275863647460937500e+00,3.250532085075974464e-03,9.155484440270811319e-05,-1.066811676148342341e-04
2.250000000000000000e+00,3.250532085075974464e-03,9.155484440270811319e-05,3.189659118652343750e-02,1.275863647460937500e+00,3.250541165471076965e-03,9.193285950459539890e-05,-1.066818019547647657e-04
2.260000000000000231e+00,3.250541165471076965e-03,9.193285950459539890e-05,3.190040588378906250e-02,1.276016235351562500e+00,3.250547917559742928e-03,9.106909419642761350e-05,-1.066824023927954144e-04
2.270000000000000018e+00,3.250547917559742928e-03,9.106909419642761350e-05,3.190040588378906250e-02,1.276016235351562500e+00,3.250546054914593697e-03,9.021321602631360292e-05,-1.066822009169872095e-04
2.280000000000000249e+00,3.250546054914593697e-03,9.021321602631360292e-05,3.189659118652343750e-02,1.275863647460937500e+00,3.250541863963007927e-03,9.061534365173429251e-05,-1.066817275966542357e-04
2.290000000000000036e+00,3.250541863963007927e-03,9.061534365173429251e-05,3.189659118652343750e-02,1.275863647460937500e+00,3.250541863963007927e-03,9.101059549720957875e-05,-1.066817568514150945e-04
2.300000000000000266e+00,3.250541863963007927e-03,9.101059549720957875e-05,3.189659118652343750e-02,1.275863647460937500e+00,3.250545822083950043e-03,9.141199552686884999e-05,-1.066820462422326784e-04
2.310000000000000053e+00,3.250545822083950043e-03,9.141199552686884999e-05,3.190040588378906250e-02,1.276016235351562500e+00,3.250547219067811966e-03,9.055445843841880560e-05,-1.066823104792284605e-04
2.319999999999999840e+00,3.250547219067811966e-03,9.055445843841880560e-05,3.189659118652343750e-02,1.275863647460937500e+00,3.250546520575881004e-03,9.096616122405976057e-05,-1.066820635197025520e-04
2.330000000000000071e+00,3.250546520575881004e-03,9.096616122405976057e-05,3.190040588378906250e-02,1.276016235351562500e+00,3.250543726608157158e-03,9.010423673316836357e-05,-1.066820359547185110e-04
2.339999999999999858e+00,3.250543726608157158e-03,9.010423673316836357e-05,3.189659118652343750e-02,1.275863647460937500e+00,3.250538371503353119e-03,9.049673099070787430e-05,-1.066814876197014840e-04
2.350000000000000089e+00,3.250538371503353119e-03,9.049673099070787430e-05,3.189659118652343750e-02,1.275863647460937500e+00,3.250536974519491196e-03,9.087844955502077937e-05,-1.066814339574336581e-04
2.359999999999999876e+00,3.250536974519491196e-03,9.087844955502077937e-05,3.189659118652343750e-02,1.275863647460937500e+00,3.250539535656571388e-03,9.126195800490677357e-05,-1.066816297937266545e-04
2.370000000000000107e+00,3.250539535656571388e-03,9.126195800490677357e-05,3.190040588378906250e-02,1.276016235351562500e+00,3.250539535656571388e-03,9.038158896146342158e-05,-1.066817869741212496e-04
2.379999999999999893e+00,3.250539535656571388e-03,9.038158896146342158e-05,3.189659118652343750e-02,1.275863647460937500e+00,3.250536974519491196e-03,9.076476999325677752e-05,-1.066814155192045380e-04
2.390000000000000124e+00,3.250536974519491196e-03,9.076476999325677752e-05,3.189659118652343750e-02,1.275863647460937500e+00,3.250538371503353119e-03,9.114600834436714649e-05,-1.066815363317638761e-04
2.399999999999999911e+00,3.250538371503353119e-03,9.114600834436714649e-05,3.189659118652343750e-02,1.275863647460937500e+00,3.250543493777513504e-03,9.153784776572138071e-05,-1.066819099957744710e-04
2.410000000000000142e+00,3.250543493777513504e-03,9.153784776572138071e-05,3.190040588378906250e-02,1.276016235351562500e+00,3.250546287745237350e-03,9.067490464076399803e-05,-1.066822538494320002e-04
2.419999999999999929e+00,3.250546287745237350e-03,9.067490464076399803e-05,3.189659118652343750e-02,1.275863647460937500e+00,3.250546753406524658e-03,9.108516678679734468e-05,-1.066820847874540415e-04
2.430000000000000160e+00,3.250546753406524658e-03,9.108516678679734468e-05,3.190040588378906250e-02,1.276016235351562500e+00,3.250545123592019081e-03,9.022572339745238423e-05,-1.066821356556174285e-04
2.439999999999999947e+00,3.250545123592019081e-03,9.022572339745238423e-05,3.189659118652343750e-02,1.275863647460937500e+00,3.250540932640433311e-03,9.062470053322613239e-05,-1.066816691797095736e-04
2.450000000000000178e+00,3.250540932640433311e-03,9.062470053322613239e-05,3.189659118652343750e-02,1.275863647460937500e+00,3.250540932640433311e-03,9.101710747927427292e-05,-1.066817033512331217e-04
2.459999999999999964e+00,3.250540932640433311e-03,9.101710747927427292e-05,3.189659118652343750e-02,1.275863647460937500e+00,3.250544890761375427e-03,9.141588088823482394e-05,-1.066819958937046650e-04
2.470000000000000195e+00,3.250544890761375427e-03,9.141588088823482394e-05,3.190040588378906250e-02,1.276016235351562500e+00,3.250546520575881004e-03,9.055584087036550045e-05,-1.066822616197436296e-04
2.479999999999999982e+00,3.250546520575881004e-03,9.055584087036550045e-05,3.189659118652343750e-02,1.275863647460937500e+00,3.250545822083950043e-03,9.096509165829047561e-05,-1.066820145426089039e-04
2.490000000000000213e+00,3.250545822083950043e-03,9.096509165829047561e-05,3.190040588378906250e-02,1.276016235351562500e+00,3.250542795285582542e-03,9.010067878989502788e-05,-1.066819852493265452e-04
2.500000000000000000e+00,3.250542795285582542e-03,9.010067878989502788e-05,3.189659118652343750e-02,1.275863647460937500e+00,3.250537673011422157e-03,9.049056825460866094e-05,-1.066814335127797415e-04
2.510000000000000231e+00,3.250537673011422157e-03,9.049056825460866094e-05,3.189659118652343750e-02,1.275863647460937500e+00,3.250536276027560234e-03,9.086947102332487702e-05,-1.066813746651580467e-04
2.520000000000000018e+00,3.250536276027560234e-03,9.086947102332487702e-05,3.189659118652343750e-02,1.275863647460937500e+00,3.250538604333996773e-03,9.124987263930961490e-05,-1.066815633614577889e-04
2.530000000000000249e+00,3.250538604333996773e-03,9.124987263930961490e-05,3.190040588378906250e-02,1.276016235351562500e+00,3.250538371503353119e-03,9.036600386025384068e-05,-1.066817112318713074e-04
2.540000000000000036e+00,3.250538371503353119e-03,9.036600386025384068e-05,3.189659118652343750e-02,1.275863647460937500e+00,3.250535577535629272e-03,9.074517583940178156e-05,-1.066813279553438076e-04
2.550000000000000266e+00,3.250535577535629272e-03,9.074517583940178156e-05,3.189659118652343750e-02,1.275863647460937500e+00,3.250536741688847542e-03,9.112175030168145895e-05,-1.066814340603333347e-04
2.560000000000000053e+00,3.250536741688847542e-03,9.112175030168145895e-05,3.190040588378906250e-02,1.276016235351562500e+00,3.250535111874341965e-03,9.022982703754678369e-05,-1.066814952598985799e-04
2.569999999999999840e+00,3.250535111874341965e-03,9.022982703754678369e-05,3.189468383789062500e-02,1.275787353515625000e+00,3.250534413382411003e-03,9.123561903834342957e-05,-1.066811652753504164e-04
2.580000000000000071e+00,3.250534413382411003e-03,9.123561903834342957e-05,3.189659118652343750e-02,1.275863647460937500e+00,3.250540234148502350e-03,9.161590423900634050e-05,-1.066817142015755697e-04
2.589999999999999858e+00,3.250540234148502350e-03,9.161590423900634050e-05,3.190040588378906250e-02,1.276016235351562500e+00,3.250543726608157158e-03,9.074397530639544129e-05,-1.066821050943674866e-04
2.600000000000000089e+00,3.250543726608157158e-03,9.074397530639544129e-05,3.189659118652343750e-02,1.275863647460937500e+00,3.250545123592019081e-03,9.114752901950851083e-05,-1.066819782584118079e-04
2.609999999999999876e+00,3.250545123592019081e-03,9.114752901950851083e-05,3.190040588378906250e-02,1.276016235351562500e+00,3.250543959438800812e-03,9.028343629324808717e-05,-1.066820677600359240e-04
2.620000000000000107e+00,3.250543959438800812e-03,9.028343629324808717e-05,3.189659118652343750e-02,1.275863647460937500e+00,3.250540466979146004e-03,9.067965584108605981e-05,-1.066816377514006030e-04
2.629999999999999893e+00,3.250540466979146004e-03,9.067965584108605981e-05,3.189659118652343750e-02,1.275863647460937500e+00,3.250540932640433311e-03,9.107112418860197067e-05,-1.066817073480688075e-04
2.640000000000000124e+00,3.250540932640433311e-03,9.107112418860197067e-05,3.189659118652343750e-02,1.275863647460937500e+00,3.250545589253306389e-03,9.147073433268815279e-05,-1.066820354428268209e-04
2.649999999999999911e+00,3.250545589253306389e-03,9.147073433268815279e-05,3.190040588378906250e-02,1.276016235351562500e+00,3.250547684729099274e-03,9.061334276339039207e-05,-1.066823379480193743e-04
2.660000000000000142e+00,3.250547684729099274e-03,9.061334276339039207e-05,3.189659118652343750e-02,1.275863647460937500e+00,3.250547451898455620e-03,9.102713374886661768e-05,-1.066821302316986816e-04
2.669999999999999929e+00,3.250547451898455620e-03,9.102713374886661768e-05,3.190040588378906250e-02,1.276016235351562500e+00,3.250545123592019081e-03,9.016930562211200595e-05,-1.066821440215548608e-04
2.680000000000000160e+00,3.250545123592019081e-03,9.016930562211200595e-05,3.189659118652343750e-02,1.275863647460937500e+00,3.250540699809789658e-03,9.056803537532687187e-05,-1.066816406756904687e-04
2.689999999999999947e+00,3.250540699809789658e-03,9.056803537532687187e-05,3.189659118652343750e-02,1.275863647460937500e+00,3.250540001317858696e-03,9.095833229366689920e-05,-1.066816370430085043e-04
2.700000000000000178e+00,3.250540001317858696e-03,9.095833229366689920e-05,3.190040588378906250e-02,1.276016235351562500e+00,3.250536974519491196e-03,9.007474727695807815e-05,-1.066815954116235736e-04
2.709999999999999964e+00,3.250536974519491196e-03,9.007474727695807815e-05,3.189468383789062500e-02,1.275787353515625000e+00,3.250534413382411003e-03,9.108376980293542147e-05,-1.066811656114067673e-04
2.720000000000000195e+00,3.250534413382411003e-03,9.108376980293542147e-05,3.189659118652343750e-02,1.275863647460937500e+00,3.250539069995284081e-03,9.146227966994047165e-05,-1.066816148447287908e-04
2.729999999999999982e+00,3.250539069995284081e-03,9.146227966994047165e-05,3.190040588378906250e-02,1.276016235351562500e+00,3.250540932640433311e-03,9.058351861312985420e-05,-1.066819029836386039e-04
2.740000000000000213e+00,3.250540932640433311e-03,9.058351861312985420e-05,3.189659118652343750e-02,1.275863647460937500e+00,3.250540466979146004e-03,9.097495785681530833e-05,-1.066816665477586691e-04
2.750000000000000000e+00,3.250540466979146004e-03,9.097495785681530833e-05,3.190040588378906250e-02,1.276016235351562500e+00,3.250537440180778503e-03,9.009306086227297783e-05,-1.066816364275427503e-04
2.760000000000000231e+00,3.250537440180778503e-03,9.009306086227297783e-05,3.189468383789062500e-02,1.275787353515625000e+00,3.250535344704985619e-03,9.110436803894117475e-05,-1.066812195233860861e-04
2.770000000000000018e+00,3.250535344704985619e-03,9.110436803894117475e-05,3.189659118652343750e-02,1.275863647460937500e+00,3.250540001317858696e-03,9.148585377261042595e-05,-1.066816834173602778e-04
2.780000000000000249e+00,3.250540001317858696e-03,9.148585377261042595e-05,3.190040588378906250e-02,1.276016235351562500e+00,3.250542329624295235e-03,9.061083255801349878e-05,-1.066819884417851989e-04
2.790000000000000036e+00,3.250542329624295235e-03,9.061083255801349878e-05,3.189659118652343750e-02,1.275863647460937500e+00,3.250542096793651581e-03,9.100691386265680194e-05,-1.066817717371692636e-04
2.800000000000000266e+00,3.250542096793651581e-03,9.100691386265680194e-05,3.189659118652343750e-02,1.275863647460937500e+00,3.250545822083950043e-03,9.140902693616226315e-05,-1.066820590261269828e-04
2.810000000000000053e+00,3.250545822083950043e-03,9.140902693616226315e-05,3.190040588378906250e-02,1.276016235351562500e+00,3.250547451898455620e-03,9.055210102815181017e-05,-1.066823215861259939e-04
2.819999999999999840e+00,3.250547451898455620e-03,9.055210102815181017e-05,3.189659118652343750e-02,1.275863647460937500e+00,3.250546753406524658e-03,9.096433495869860053e-05,-1.066820733123811693e-04
2.830000000000000071e+00,3.250546753406524658e-03,9.096433495869860053e-05,3.190040588378906250e-02,1.276016235351562500e+00,3.250543726608157158e-03,9.010289068100973964e-05,-1.066820447580473587e-04
2.839999999999999858e+00,3.250543726608157158e-03,9.010289068100973964e-05,3.189659118652343750e-02,1.275863647460937500e+00,3.250538604333996773e-03,9.049581422004848719e-05,-1.066814957218534493e-04
2.850000000000000089e+00,3.250538604333996773e-03,9.049581422004848719e-05,3.189659118652343750e-02,1.275863647460937500e+00,3.250537207350134850e-03,9.087792568607255816e-05,-1.066814416257233944e-04
2.859999999999999876e+00,3.250537207350134850e-03,9.087792568607255816e-05,3.189659118652343750e-02,1.275863647460937500e+00,3.250539768487215042e-03,9.126181976171210408e-05,-1.066816372811058201e-04
2.870000000000000107e+00,3.250539768487215042e-03,9.126181976171210408e-05,3.190040588378906250e-02,1.276016235351562500e+00,3.250539535656571388e-03,9.038182906806468964e-05,-1.066817945272250355e-04
2.879999999999999893e+00,3.250539535656571388e-03,9.038182906806468964e-05,3.189659118652343750e-02,1.275863647460937500e+00,3.250536974519491196e-03,9.076539572561159730e-05,-1.066814233869245091e-04
2.890000000000000124e+00,3.250536974519491196e-03,9.076539572561159730e-05,3.189659118652343750e-02,1.275863647460937500e+00,3.250538371503353119e-03,9.114703425439074636e-05,-1.066815447735199187e-04
2.899999999999999911e+00,3.250538371503353119e-03,9.114703425439074636e-05,3.189659118652343750e-02,1.275863647460937500e+00,3.250543493777513504e-03,9.153931750915944576e-05,-1.066819192898976271e-04
2.910000000000000142e+00,3.250543493777513504e-03,9.153931750915944576e-05,3.190040588378906250e-02,1.276016235351562500e+00,3.250546287745237350e-03,9.067685459740459919e-05,-1.066822642998481132e-04
2.919999999999999929e+00,3.250546287745237350e-03,9.067685459740459919e-05,3.189659118652343750e-02,1.275863647460937500e+00,3.250546986237168312e-03,9.108766971621662378e-05,-1.066820967405153714e-04
2.930000000000000160e+00,3.250546986237168312e-03,9.108766971621662378e-05,3.190040588378906250e-02,1.276016235351562500e+00,3.250545123592019081e-03,9.022886661114171147e-05,-1.066821495013263910e-04
2.939999999999999947e+00,3.250545123592019081e-03,9.022886661114171147e-05,3.189659118652343750e-02,1.275863647460937500e+00,3.250541165471076965e-03,9.062857861863449216e-05,-1.066816853775526350e-04
2.950000000000000178e+00,3.250541165471076965e-03,9.062857861863449216e-05,3.189659118652343750e-02,1.275863647460937500e+00,3.250541398301720619e-03,9.102185140363872051e-05,-1.066817224350475658e-04
2.959999999999999964e+00,3.250541398301720619e-03,9.102185140363872051e-05,3.189659118652343750e-02,1.275863647460937500e+00,3.250545356422662735e-03,9.142164344666525722e-05,-1.066820184924935534e-04
2.970000000000000195e+00,3.250545356422662735e-03,9.142164344666525722e-05,3.190040588378906250e-02,1.276016235351562500e+00,3.250546986237168312e-03,9.056281123775988817e-05,-1.066822884694996093e-04
2.979999999999999982e+00,3.250546986237168312e-03,9.056281123775988817e-05,3.189659118652343750e-02,1.275863647460937500e+00,3.250546287745237350e-03,9.097350266529247165e-05,-1.066820465355271740e-04
2.990000000000000213e+00,3.250546287745237350e-03,9.097350266529247165e-05,3.190040588378906250e-02,1.276016235351562500e+00,3.250543493777513504e-03,9.011080692289397120e-05,-1.066820234268652445e-04
3.000000000000000000e+00,3.250543493777513504e-03,9.011080692289397120e-05,3.189659118652343750e-02,1.275863647460937500e+00,3.250538371503353119e-03,9.050274820765480399e-05,-1.066814791435880097e-04
3.010000000000000231e+00,3.250538371503353119e-03,9.050274820765480399e-05,3.189659118652343750e-02,1.275863647460937500e+00,3.250536974519491196e-03,9.088410297408699989e-05,-1.066814292528670471e-04
3.020000000000000018e+00,3.250536974519491196e-03,9.088410297408699989e-05,3.189659118652343750e-02,1.275863647460937500e+00,3.250539535656571388e-03,9.126744407694786787e-05,-1.066816287050244196e-04
3.030000000000000249e+00,3.250539535656571388e-03,9.126744407694786787e-05,3.190040588378906250e-02,1.276016235351562500e+00,3.250539535656571388e-03,9.038708230946213007e-05,-1.066817894579172012e-04
3.040000000000000036e+00,3.250539535656571388e-03,9.038708230946213007e-05,3.189659118652343750e-02,1.275863647460937500e+00,3.250536974519491196e-03,9.077045979211106896e-05,-1.066814216638208479e-04
3.050000000000000266e+00,3.250536974519491196e-03,9.077045979211106896e-05,3.189659118652343750e-02,1.275863647460937500e+00,3.250538371503353119e-03,9.115206921705976129e-05,-1.066815463393011690e-04
3.060000000000000053e+00,3.250538371503353119e-03,9.115206921705976129e-05,3.189659118652343750e-02,1.275863647460937500e+00,3.250543726608157158e-03,9.154449071502313018e-05,-1.066819241957884791e-04
3.070000000000000284e+00,3.250543726608157158e-03,9.154449071502313018e-05,3.190040588378906250e-02,1.276016235351562500e+00,3.250546520575881004e-03,9.068234066944569349e-05,-1.066822727002788413e-04
3.080000000000000071e+00,3.250546520575881004e-03,9.068234066944569349e-05,3.189659118652343750e-02,1.275863647460937500e+00,3.250547219067811966e-03,9.109364327741786838e-05,-1.066821089186175802e-04
3.089999999999999858e+00,3.250547219067811966e-03,9.109364327741786838e-05,3.190040588378906250e-02,1.276016235351562500e+00,3.250545589253306389e-03,9.023552411235868931e-05,-1.066821658497263468e-04
3.100000000000000089e+00,3.250545589253306389e-03,9.023552411235868931e-05,3.189659118652343750e-02,1.275863647460937500e+00,3.250541631132364273e-03,9.063614561455324292e-05,-1.066817064423056992e-04
3.109999999999999876e+00,3.250541631132364273e-03,9.063614561455324292e-05,3.189659118652343750e-02,1.275863647460937500e+00,3.250541631132364273e-03,9.103056800086051226e-05,-1.066817489101365868e-04
3.120000000000000107e+00,3.250541631132364273e-03,9.103056800086051226e-05,3.189659118652343750e-02,1.275863647460937500e+00,3.250545822083950043e-03,9.143180795945227146e-05,-1.066820512503557992e-04
3.129999999999999893e+00,3.250545822083950043e-03,9.143180795945227146e-05,3.190040588378906250e-02,1.276016235351562500e+00,3.250547451898455620e-03,9.057475108420476317e-05,-1.066823285745211402e-04
3.140000000000000124e+00,3.250547451898455620e-03,9.057475108420476317e-05,3.189659118652343750e-02,1.275863647460937500e+00,3.250546986237168312e-03,9.098761074710637331e-05,-1.066820953222044274e-04
3.149999999999999911e+00,3.250546986237168312e-03,9.098761074710637331e-05,3.190040588378906250e-02,1.276016235351562500e+00,3.250544425100088120e-03,9.012755617732182145e-05,-1.066820824815878908e-04
3.160000000000000142e+00,3.250544425100088120e-03,9.012755617732182145e-05,3.189659118652343750e-02,1.275863647460937500e+00,3.250539302825927734e-03,9.052267705556005239e-05,-1.066815504300497016e-04
3.169999999999999929e+00,3.250539302825927734e-03,9.052267705556005239e-05,3.189659118652343750e-02,1.275863647460937500e+00,3.250538371503353119e-03,9.090787352761253715e-05,-1.066815151200436703e-04
3.180000000000000160e+00,3.250538371503353119e-03,9.090787352761253715e-05,3.190040588378906250e-02,1.276016235351562500e+00,3.250534646213054657e-03,9.001752914628013968e-05,-1.066814378682094547e-04
3.189999999999999947e+00,3.250534646213054657e-03,9.001752914628013968e-05,3.189659118652343750e-02,1.275863647460937500e+00,3.250528359785676003e-03,9.037874406203627586e-05,-1.066808200580523364e-04
3.200000000000000178e+00,3.250528359785676003e-03,9.037874406203627586e-05,3.189468383789062500e-02,1.275787353515625000e+00,3.250528825446963310e-03,9.136445441981777549e-05,-1.066808222334997129e-04
3.209999999999999964e+00,3.250528825446963310e-03,9.136445441981777549e-05,3.189659118652343750e-02,1.275863647460937500e+00,3.250536043196916580e-03,9.172891441266983747e-05,-1.066814485349949705e-04
3.220000000000000195e+00,3.250536043196916580e-03,9.172891441266983747e-05,3.190040588378906250e-02,1.276016235351562500e+00,3.250540699809789658e-03,9.084487828658893704e-05,-1.066819079054764300e-04
3.229999999999999982e+00,3.250540699809789658e-03,9.084487828658893704e-05,3.189659118652343750e-02,1.275863647460937500e+00,3.250542795285582542e-03,9.123964991886168718e-05,-1.066818431787775894e-04
3.240000000000000213e+00,3.250542795285582542e-03,9.123964991886168718e-05,3.190040588378906250e-02,1.276016235351562500e+00,3.250542562454938889e-03,9.036980918608605862e-05,-1.066819902166413940e-04
3.250000000000000000e+00,3.250542562454938889e-03,9.036980918608605862e-05,3.189659118652343750e-02,1.275863647460937500e+00,3.250540001317858696e-03,9.076313290279358625e-05,-1.066816152948753434e-04
3.260000000000000231e+00,3.250540001317858696e-03,9.076313290279358625e-05,3.189659118652343750e-02,1.275863647460937500e+00,3.250541398301720619e-03,9.115445573115721345e-05,-1.066817392295210654e-04
3.270000000000000018e+00,3.250541398301720619e-03,9.115445573115721345e-05,3.190040588378906250e-02,1.276016235351562500e+00,3.250540234148502350e-03,9.027835039887577295e-05,-1.066818282581467100e-04
3.280000000000000249e+00,3.250540234148502350e-03,9.027835039887577295e-05,3.189659118652343750e-02,1.275863647460937500e+00,3.250536741688847542e-03,9.066240454558283091e-05,-1.066813898871383798e-04
3.290000000000000036e+00,3.250536741688847542e-03,9.066240454558283091e-05,3.189659118652343750e-02,1.275863647460937500e+00,3.250536974519491196e-03,9.104113269131630659e-05,-1.066814429483789754e-04
3.300000000000000266e+00,3.250536974519491196e-03,9.104113269131630659e-05,3.189659118652343750e-02,1.275863647460937500e+00,3.250541165471076965e-03,9.142701310338452458e-05,-1.066817457901142392e-04
3.310000000000000053e+00,3.250541165471076965e-03,9.142701310338452458e-05,3.190040588378906250e-02,1.276016235351562500e+00,3.250542795285582542e-03,9.055445843841880560e-05,-1.066820135678439574e-04
3.320000000000000284e+00,3.250542795285582542e-03,9.055445843841880560e-05,3.189659118652343750e-02,1.275863647460937500e+00,3.250542096793651581e-03,9.095115092350170016e-05,-1.066817603757788517e-04
3.330000000000000071e+00,3.250542096793651581e-03,9.095115092350170016e-05,3.190040588378906250e-02,1.276016235351562500e+00,3.250538837164640427e-03,9.007372136693447828e-05,-1.066817166206952431e-04
3.339999999999999858e+00,3.250538837164640427e-03,9.007372136693447828e-05,3.189468383789062500e-02,1.275787353515625000e+00,3.250536508858203888e-03,9.108885569730773568e-05,-1.066812886884126838e-04
3.350000000000000089e+00,3.250536508858203888e-03,9.108885569730773568e-05,3.189659118652343750e-02,1.275863647460937500e+00,3.250540932640433311e-03,9.147365199169144034e-05,-1.066817438490743269e-04
3.359999999999999876e+00,3.250540932640433311e-03,9.147365199169144034e-05,3.190040588378906250e-02,1.276016235351562500e+00,3.250543028116226196e-03,9.060154843609780073e-05,-1.066820421459419347e-04
3.370000000000000107e+00,3.250543028116226196e-03,9.060154843609780073e-05,3.189659118652343750e-02,1.275863647460937500e+00,3.250542795285582542e-03,9.100023453356698155e-05,-1.066818204702992082e-04
3.379999999999999893e+00,3.250542795285582542e-03,9.100023453356698155e-05,3.190040588378906250e-02,1.276016235351562500e+00,3.250540234148502350e-03,9.012642112793400884e-05,-1.066818101417557813e-04
3.390000000000000124e+00,3.250540234148502350e-03,9.012642112793400884e-05,3.189468383789062500e-02,1.275787353515625000e+00,3.250538371503353119e-03,9.114691056311130524e-05,-1.066814188138865023e-04
3.399999999999999911e+00,3.250538371503353119e-03,9.114691056311130524e-05,3.189659118652343750e-02,1.275863647460937500e+00,3.250543493777513504e-03,9.153897553915157914e-05,-1.066819148321039823e-04
3.410000000000000142e+00,3.250543493777513504e-03,9.153897553915157914e-05,3.190040588378906250e-02,1.276016235351562500e+00,3.250546287745237350e-03,9.067628707271069288e-05,-1.066822595254244454e-04
3.419999999999999929e+00,3.250546287745237350e-03,9.067628707271069288e-05,3.189659118652343750e-02,1.275863647460937500e+00,3.250546986237168312e-03,9.108685480896383524e-05,-1.066820914916149631e-04
3.430000000000000160e+00,3.250546986237168312e-03,9.108685480896383524e-05,3.190040588378906250e-02,1.276016235351562500e+00,3.250545123592019081e-03,9.022777521749958396e-05,-1.066821436062994249e-04
3.439999999999999947e+00,3.250545123592019081e-03,9.022777521749958396e-05,3.189659118652343750e-02,1.275863647460937500e+00,3.250541165471076965e-03,9.062717435881495476e-05,-1.066816786410551939e-04
3.450000000000000178e+00,3.250541165471076965e-03,9.062717435881495476e-05,3.189659118652343750e-02,1.275863647460937500e+00,3.250541165471076965e-03,9.102009062189608812e-05,-1.066817146350413194e-04
3.459999999999999964e+00,3.250541165471076965e-03,9.102009062189608812e-05,3.189659118652343750e-02,1.275863647460937500e+00,3.250545123592019081e-03,9.141946793533861637e-05,-1.066820093718742410e-04
3.470000000000000195e+00,3.250545123592019081e-03,9.141946793533861637e-05,3.190040588378906250e-02,1.276016235351562500e+00,3.250546753406524658e-03,9.056014823727309704e-05,-1.066822777310243419e-04
3.479999999999999982e+00,3.250546753406524658e-03,9.056014823727309704e-05,3.189659118652343750e-02,1.275863647460937500e+00,3.250546054914593697e-03,9.097026486415416002e-05,-1.066820338225155139e-04
3.490000000000000213e+00,3.250546054914593697e-03,9.097026486415416002e-05,3.190040588378906250e-02,1.276016235351562500e+00,3.250543260946869850e-03,9.010689245769754052e-05,-1.066820083253266539e-04
3.500000000000000000e+00,3.250543260946869850e-03,9.010689245769754052e-05,3.189659118652343750e-02,1.275863647460937500e+00,3.250537905842065811e-03,9.049801883520558476e-05,-1.066814611517978773e-04
3.510000000000000231e+00,3.250537905842065811e-03,9.049801883520558476e-05,3.189659118652343750e-02,1.275863647460937500e+00,3.250536741688847542e-03,9.087840589927509427e-05,-1.066814077779481716e-04
3.520000000000000018e+00,3.250536741688847542e-03,9.087840589927509427e-05,3.189659118652343750e-02,1.275863647460937500e+00,3.250539069995284081e-03,9.126059740083292127e-05,-1.066816030392549425e-04
3.530000000000000249e+00,3.250539069995284081e-03,9.126059740083292127e-05,3.190040588378906250e-02,1.276016235351562500e+00,3.250539069995284081e-03,9.037885320140048862e-05,-1.066817587659238886e-04
3.540000000000000036e+00,3.250539069995284081e-03,9.037885320140048862e-05,3.189659118652343750e-02,1.275863647460937500e+00,3.250536508858203888e-03,9.076057904167100787e-05,-1.066813849255582964e-04
3.550000000000000266e+00,3.250536508858203888e-03,9.076057904167100787e-05,3.189659118652343750e-02,1.275863647460937500e+00,3.250537673011422157e-03,9.114021668210625648e-05,-1.066815023440888428e-04
3.560000000000000053e+00,3.250537673011422157e-03,9.114021668210625648e-05,3.189659118652343750e-02,1.275863647460937500e+00,3.250542795285582542e-03,9.153027349384501576e-05,-1.066818714936123598e-04
3.570000000000000284e+00,3.250542795285582542e-03,9.153027349384501576e-05,3.190040588378906250e-02,1.276016235351562500e+00,3.250545589253306389e-03,9.066529310075566173e-05,-1.066822095757756852e-04
3.580000000000000071e+00,3.250545589253306389e-03,9.066529310075566173e-05,3.189659118652343750e-02,1.275863647460937500e+00,3.250546054914593697e-03,9.107320511247962713e-05,-1.066820332733689296e-04
3.589999999999999858e+00,3.250546054914593697e-03,9.107320511247962713e-05,3.190040588378906250e-02,1.276016235351562500e+00,3.250544192269444466e-03,9.021101868711411953e-05,-1.066820752219284373e-04
3.600000000000000089e+00,3.250544192269444466e-03,9.021101868711411953e-05,3.189659118652343750e-02,1.275863647460937500e+00,3.250540001317858696e-03,9.060675802174955606e-05,-1.066815978196735429e-04
3.609999999999999876e+00,3.250540001317858696e-03,9.060675802174955606e-05,3.189659118652343750e-02,1.275863647460937500e+00,3.250539768487215042e-03,9.099534509005025029e-05,-1.066816187131264991e-04
3.620000000000000107e+00,3.250539768487215042e-03,9.099534509005025029e-05,3.189659118652343750e-02,1.275863647460937500e+00,3.250543493777513504e-03,9.138957830145955086e-05,-1.066818951879497184e-04
3.629999999999999893e+00,3.250543493777513504e-03,9.138957830145955086e-05,3.190040588378906250e-02,1.276016235351562500e+00,3.250544657930731773e-03,9.052413952304050326e-05,-1.066821415674651001e-04
3.640000000000000124e+00,3.250544657930731773e-03,9.052413952304050326e-05,3.189659118652343750e-02,1.275863647460937500e+00,3.250543726608157158e-03,9.092694381251931190e-05,-1.066818711540134731e-04
3.649999999999999911e+00,3.250543726608157158e-03,9.092694381251931190e-05,3.190040588378906250e-02,1.276016235351562500e+00,3.250540234148502350e-03,9.005482570501044393e-05,-1.066818138574164273e-04
3.660000000000000142e+00,3.250540234148502350e-03,9.005482570501044393e-05,3.189468383789062500e-02,1.275787353515625000e+00,3.250537673011422157e-03,9.107466030400246382e-05,-1.066813755527958832e-04
3.669999999999999929e+00,3.250537673011422157e-03,9.107466030400246382e-05,3.189659118652343750e-02,1.275863647460937500e+00,3.250542329624295235e-03,9.146368392976000905e-05,-1.066818232193173438e-04
3.680000000000000160e+00,3.250542329624295235e-03,9.146368392976000905e-05,3.190040588378906250e-02,1.276016235351562500e+00,3.250544192269444466e-03,9.059547301148995757e-05,-1.066821166481485576e-04
3.689999999999999947e+00,3.250544192269444466e-03,9.059547301148995757e-05,3.189659118652343750e-02,1.275863647460937500e+00,3.250543959438800812e-03,9.099785529542714357e-05,-1.066818925494788422e-04
3.700000000000000178e+00,3.250543959438800812e-03,9.099785529542714357e-05,3.190040588378906250e-02,1.276016235351562500e+00,3.250541165471076965e-03,9.012766531668603420e-05,-1.066818821737456648e-04
3.709999999999999964e+00,3.250541165471076965e-03,9.012766531668603420e-05,3.189468383789062500e-02,1.275787353515625000e+00,3.250539535656571388e-03,9.115180728258565068e-05,-1.066814931742958255e-04
3.720000000000000195e+00,3.250539535656571388e-03,9.115180728258565068e-05,3.190040588378906250e-02,1.276016235351562500e+00,3.250538138672709465e-03,9.026938641909509897e-05,-1.066816995353906636e-04
3.729999999999999982e+00,3.250538138672709465e-03,9.026938641909509897e-05,3.189659118652343750e-02,1.275863647460937500e+00,3.250534646213054657e-03,9.064681944437325001e-05,-1.066812525771250312e-04
3.740000000000000213e+00,3.250534646213054657e-03,9.064681944437325001e-05,3.189659118652343750e-02,1.275863647460937500e+00,3.250534646213054657e-03,9.101842442760244012e-05,-1.066812925242120784e-04
3.750000000000000000e+00,3.250534646213054657e-03,9.101842442760244012e-05,3.189659118652343750e-02,1.275863647460937500e+00,3.250538604333996773e-03,9.139643225353211164e-05,-1.066815772927861292e-04
3.760000000000000231e+00,3.250538604333996773e-03,9.139643225353211164e-05,3.190040588378906250e-02,1.276016235351562500e+00,3.250539768487215042e-03,9.051499364431947470e-05,-1.066818214931433711e-04
3.770000000000000018e+00,3.250539768487215042e-03,9.051499364431947470e-05,3.189659118652343750e-02,1.275863647460937500e+00,3.250538604333996773e-03,9.090149978874251246e-05,-1.066815383541363393e-04
3.780000000000000249e+00,3.250538604333996773e-03,9.090149978874251246e-05,3.189659118652343750e-02,1.275863647460937500e+00,3.250541398301720619e-03,9.129055979428812861e-05,-1.066817515208640170e-04
3.790000000000000036e+00,3.250541398301720619e-03,9.129055979428812861e-05,3.190040588378906250e-02,1.276016235351562500e+00,3.250541631132364273e-03,9.041668818099424243e-05,-1.066819299990680211e-04
3.800000000000000266e+00,3.250541631132364273e-03,9.041668818099424243e-05,3.189659118652343750e-02,1.275863647460937500e+00,3.250539535656571388e-03,9.080751624424010515e-05,-1.066815845915888454e-04
3.810000000000000053e+00,3.250539535656571388e-03,9.080751624424010515e-05,3.189659118652343750e-02,1.275863647460937500e+00,3.250541165471076965e-03,9.119781316258013248e-05,-1.066817370236115516e-04
3.820000000000000284e+00,3.250541165471076965e-03,9.119781316258013248e-05,3.190040588378906250e-02,1.276016235351562500e+00,3.250540466979146004e-03,9.032210800796747208e-05,-1.066818544173393470e-04
3.830000000000000071e+00,3.250540466979146004e-03,9.032210800796747208e-05,3.189659118652343750e-02,1.275863647460937500e+00,3.250537440180778503e-03,9.070800297195091844e-05,-1.066814453246180464e-04
3.839999999999999858e+00,3.250537440180778503e-03,9.070800297195091844e-05,3.189659118652343750e-02,1.275863647460937500e+00,3.250538138672709465e-03,9.109007078222930431e-05,-1.066815294879365456e-04
3.850000000000000089e+00,3.250538138672709465e-03,9.109007078222930431e-05,3.190040588378906250e-02,1.276016235351562500e+00,3.250536276027560234e-03,9.020260768011212349e-05,-1.066815719303944326e-04
3.859999999999999876e+00,3.250536276027560234e-03,9.020260768011212349e-05,3.189468383789062500e-02,1.275787353515625000e+00,3.250535344704985619e-03,9.121195034822449088e-05,-1.066812256647852158e-04
3.870000000000000107e+00,3.250535344704985619e-03,9.121195034822449088e-05,3.189659118652343750e-02,1.275863647460937500e+00,3.250541165471076965e-03,9.159500768873840570e-05,-1.066817603209303648e-04
3.879999999999999893e+00,3.250541165471076965e-03,9.159500768873840570e-05,3.190040588378906250e-02,1.276016235351562500e+00,3.250544425100088120e-03,9.072516695596277714e-05,-1.066821384900749507e-04
3.890000000000000124e+00,3.250544425100088120e-03,9.072516695596277714e-05,3.189659118652343750e-02,1.275863647460937500e+00,3.250545356422662735e-03,9.113019041251391172e-05,-1.066820000070080451e-04
3.899999999999999911e+00,3.250545356422662735e-03,9.113019041251391172e-05,3.190040588378906250e-02,1.276016235351562500e+00,3.250544192269444466e-03,9.026699262904003263e-05,-1.066820786012989919e-04
3.910000000000000142e+00,3.250544192269444466e-03,9.026699262904003263e-05,3.189659118652343750e-02,1.275863647460937500e+00,3.250540466979146004e-03,9.066356869880110025e-05,-1.066816380225982046e-04
3.919999999999999929e+00,3.250540466979146004e-03,9.066356869880110025e-05,3.189659118652343750e-02,1.275863647460937500e+00,3.250540932640433311e-03,9.105486242333427072e-05,-1.066816970597644329e-04
3.930000000000000160e+00,3.250540932640433311e-03,9.105486242333427072e-05,3.189659118652343750e-02,1.275863647460937500e+00,3.250545123592019081e-03,9.145375952357426286e-05,-1.066820142570925695e-04
3.939999999999999947e+00,3.250545123592019081e-03,9.145375952357426286e-05,3.190040588378906250e-02,1.276016235351562500e+00,3.250547219067811966e-03,9.059509466169402003e-05,-1.066823051906812454e-04
3.950000000000000178e+00,3.250547219067811966e-03,9.059509466169402003e-05,3.189659118652343750e-02,1.275863647460937500e+00,3.250546986237168312e-03,9.100700845010578632e-05,-1.066820848025136774e-04
3.959999999999999964e+00,3.250546986237168312e-03,9.100700845010578632e-05,3.190040588378906250e-02,1.276016235351562500e+00,3.250544425100088120e-03,9.014664829010143876e-05,-1.066820844529396158e-04
3.970000000000000195e+00,3.250544425100088120e-03,9.014664829010143876e-05,3.189659118652343750e-02,1.275863647460937500e+00,3.250539535656571388e-03,9.054209658643230796e-05,-1.066815649799745245e-04
3.979999999999999982e+00,3.250539535656571388e-03,9.054209658643230796e-05,3.189659118652343750e-02,1.275863647460937500e+00,3.250538604333996773e-03,9.092826076084747910e-05,-1.066815427263610624e-04
3.990000000000000213e+00,3.250538604333996773e-03,9.092826076084747910e-05,3.190040588378906250e-02,1.276016235351562500e+00,3.250535111874341965e-03,9.003955346997827291e-05,-1.066814794113086698e-04
4.000000000000000000e+00,3.250535111874341965e-03,9.003955346997827291e-05,3.189659118652343750e-02,1.275863647460937500e+00,3.250529058277606964e-03,9.040313307195901871e-05,-1.066808769312722557e-04
4.009999999999999787e+00,3.250529058277606964e-03,9.040313307195901871e-05,3.189468383789062500e-02,1.275787353515625000e+00,3.250529989600181580e-03,9.139200847130268812e-05,-1.066808963273577421e-04
4.020000000000000462e+00,3.250529989600181580e-03,9.139200847130268812e-05,3.189659118652343750e-02,1.275863647460937500e+00,3.250537440180778503e-03,9.176053572446107864e-05,-1.066815422753788340e-04
4.030000000000000249e+00,3.250537440180778503e-03,9.176053572446107864e-05,3.190040588378906250e-02,1.276016235351562500e+00,3.250542329624295235e-03,9.088160732062533498e-05,-1.066820243348841438e-04
4.040000000000000036e+00,3.250542329624295235e-03,9.088160732062533498e-05,3.189659118652343750e-02,1.275863647460937500e+00,3.250544890761375427e-03,9.128270176006481051e-05,-1.066819861740803626e-04
4.049999999999999822e+00,3.250544890761375427e-03,9.128270176006481051e-05,3.190040588378906250e-02,1.276016235351562500e+00,3.250545123592019081e-03,9.042060264619067311e-05,-1.066821644255618495e-04
4.060000000000000497e+00,3.250545123592019081e-03,9.042060264619067311e-05,3.189659118652343750e-02,1.275863647460937500e+00,3.250543260946869850e-03,9.082334145205095410e-05,-1.066818265124175655e-04
4.070000000000000284e+00,3.250543260946869850e-03,9.082334145205095410e-05,3.189659118652343750e-02,1.275863647460937500e+00,3.250545123592019081e-03,9.122605115408077836e-05,-1.066819944162657934e-04
4.080000000000000071e+00,3.250545123592019081e-03,9.122605115408077836e-05,3.190040588378906250e-02,1.276016235351562500e+00,3.250544890761375427e-03,9.036370465764775872e-05,-1.066821357152784855e-04
4.089999999999999858e+00,3.250544890761375427e-03,9.036370465764775872e-05,3.189659118652343750e-02,1.275863647460937500e+00,3.250542329624295235e-03,9.076431160792708397e-05,-1.066817598366056669e-04
4.099999999999999645e+00,3.250542329624295235e-03,9.076431160792708397e-05,3.189659118652343750e-02,1.275863647460937500e+00,3.250543726608157158e-03,9.116295404965057969e-05,-1.066818875814744543e-04
4.110000000000000320e+00,3.250543726608157158e-03,9.116295404965057969e-05,3.190040588378906250e-02,1.276016235351562500e+00,3.250542562454938889e-03,9.029445936903357506e-05,-1.066819852917069917e-04
4.120000000000000107e+00,3.250542562454938889e-03,9.029445936903357506e-05,3.189659118652343750e-02,1.275863647460937500e+00,3.250539302825927734e-03,9.068664076039567590e-05,-1.066815607902953220e-04
4.129999999999999893e+00,3.250539302825927734e-03,9.068664076039567590e-05,3.189659118652343750e-02,1.275863647460937500e+00,3.250539768487215042e-03,9.107429650612175465e-05,-1.066816333552059182e-04
4.139999999999999680e+00,3.250539768487215042e-03,9.107429650612175465e-05,3.189659118652343750e-02,1.275863647460937500e+00,3.250544425100088120e-03,9.147020318778231740e-05,-1.066819619775361802e-04
4.150000000000000355e+00,3.250544425100088120e-03,9.147020318778231740e-05,3.190040588378906250e-02,1.276016235351562500e+00,3.250546520575881004e-03,9.060908632818609476e-05,-1.066822625928140223e-04
4.160000000000000142e+00,3.250546520575881004e-03,9.060908632818609476e-05,3.189659118652343750e-02,1.275863647460937500e+00,3.250546287745237350e-03,9.101902105612680316e-05,-1.066820505009787306e-04
4.169999999999999929e+00,3.250546287745237350e-03,9.101902105612680316e-05,3.190040588378906250e-02,1.276016235351562500e+00,3.250543959438800812e-03,9.015706018544733524e-05,-1.066820573020315613e-04
4.179999999999999716e+00,3.250543959438800812e-03,9.015706018544733524e-05,3.189659118652343750e-02,1.275863647460937500e+00,3.250539302825927734e-03,9.055126429302617908e-05,-1.066815440983448742e-04
4.190000000000000391e+00,3.250539302825927734e-03,9.055126429302617908e-05,3.189659118652343750e-02,1.275863647460937500e+00,3.250538371503353119e-03,9.093647531699389219e-05,-1.066815274243439898e-04
4.200000000000000178e+00,3.250538371503353119e-03,9.093647531699389219e-05,3.190040588378906250e-02,1.276016235351562500e+00,3.250535111874341965e-03,9.004709136206656694e-05,-1.066814691738658861e-04
4.209999999999999964e+00,3.250535111874341965e-03,9.004709136206656694e-05,3.189659118652343750e-02,1.275863647460937500e+00,3.250529058277606964e-03,9.041024168254807591e-05,-1.066808714303753172e-04
4.219999999999999751e+00,3.250529058277606964e-03,9.041024168254807591e-05,3.189468383789062500e-02,1.275787353515625000e+00,3.250529989600181580e-03,9.139892790699377656e-05,-1.066808953852366052e-04
4.230000000000000426e+00,3.250529989600181580e-03,9.139892790699377656e-05,3.189659118652343750e-02,1.275863647460937500e+00,3.250537440180778503e-03,9.176748426398262382e-05,-1.066815458559070419e-04
4.240000000000000213e+00,3.250537440180778503e-03,9.176748426398262382e-05,3.190040588378906250e-02,1.276016235351562500e+00,3.250542562454938889e-03,9.088882507057860494e-05,-1.066820325464971876e-04
4.250000000000000000e+00,3.250542562454938889e-03,9.088882507057860494e-05,3.189659118652343750e-02,1.275863647460937500e+00,3.250545123592019081e-03,9.129042155109345913e-05,-1.066819992958274190e-04
4.259999999999999787e+00,3.250545123592019081e-03,9.129042155109345913e-05,3.190040588378906250e-02,1.276016235351562500e+00,3.250545356422662735e-03,9.042907913681119680e-05,-1.066821828787770018e-04
4.270000000000000462e+00,3.250545356422662735e-03,9.042907913681119680e-05,3.189659118652343750e-02,1.275863647460937500e+00,3.250543493777513504e-03,9.083284385269507766e-05,-1.066818509146530739e-04
4.280000000000000249e+00,3.250543493777513504e-03,9.083284385269507766e-05,3.190040588378906250e-02,1.276016235351562500e+00,3.250539069995284081e-03,8.995860116556286812e-05,-1.066817315317370184e-04
4.290000000000000036e+00,3.250539069995284081e-03,8.995860116556286812e-05,3.189659118652343750e-02,1.275863647460937500e+00,3.250532317906618118e-03,9.033396781887859106e-05,-1.066810811864934180e-04
4.299999999999999822e+00,3.250532317906618118e-03,9.033396781887859106e-05,3.189659118652343750e-02,1.275863647460937500e+00,3.250529291108250618e-03,9.069320367416366935e-05,-1.066809121278156758e-04
4.310000000000000497e+00,3.250529291108250618e-03,9.069320367416366935e-05,3.189468383789062500e-02,1.275787353515625000e+00,3.250533016398549080e-03,9.168728865915909410e-05,-1.066811228982353886e-04
4.320000000000000284e+00,3.250533016398549080e-03,9.168728865915909410e-05,3.190040588378906250e-02,1.276016235351562500e+00,3.250537207350134850e-03,9.079244046006351709e-05,-1.066816723818080992e-04
4.330000000000000071e+00,3.250537207350134850e-03,9.079244046006351709e-05,3.189659118652343750e-02,1.275863647460937500e+00,3.250538604333996773e-03,9.117469016928225756e-05,-1.066815682803585926e-04
4.339999999999999858e+00,3.250538604333996773e-03,9.117469016928225756e-05,3.189659118652343750e-02,1.275863647460937500e+00,3.250544192269444466e-03,9.156848682323470712e-05,-1.066819614479254283e-04
4.350000000000000533e+00,3.250544192269444466e-03,9.156848682323470712e-05,3.190040588378906250e-02,1.276016235351562500e+00,3.250547219067811966e-03,9.070849773706868291e-05,-1.066823264570110612e-04
4.360000000000000320e+00,3.250547219067811966e-03,9.070849773706868291e-05,3.189659118652343750e-02,1.275863647460937500e+00,3.250548150390386581e-03,9.112283441936597228e-05,-1.066821809810279134e-04
4.370000000000000107e+00,3.250548150390386581e-03,9.112283441936597228e-05,3.190040588378906250e-02,1.276016235351562500e+00,3.250546753406524658e-03,9.026870247907936573e-05,-1.066822585496707471e-04
4.379999999999999893e+00,3.250546753406524658e-03,9.026870247907936573e-05,3.189659118652343750e-02,1.275863647460937500e+00,3.250543260946869850e-03,9.067440259968861938e-05,-1.066818228706579693e-04
4.389999999999999680e+00,3.250543260946869850e-03,9.067440259968861938e-05,3.189659118652343750e-02,1.275863647460937500e+00,3.250543959438800812e-03,9.107516962103545666e-05,-1.066818929030901474e-04
4.400000000000000355e+00,3.250543959438800812e-03,9.107516962103545666e-05,3.190040588378906250e-02,1.276016235351562500e+00,3.250541863963007927e-03,9.020590368891134858e-05,-1.066819331970608492e-04
4.410000000000000142e+00,3.250541863963007927e-03,9.020590368891134858e-05,3.189659118652343750e-02,1.275863647460937500e+00,3.250537673011422157e-03,9.059440344572067261e-05,-1.066814494592782442e-04
4.419999999999999929e+00,3.250537673011422157e-03,9.059440344572067261e-05,3.189659118652343750e-02,1.275863647460937500e+00,3.250537207350134850e-03,9.097534348256886005e-05,-1.066814591254044607e-04
4.429999999999999716e+00,3.250537207350134850e-03,9.097534348256886005e-05,3.190040588378906250e-02,1.276016235351562500e+00,3.250534180551767349e-03,9.008296183310449123e-05,-1.066814249132557894e-04
4.440000000000000391e+00,3.250534180551767349e-03,9.008296183310449123e-05,3.189659118652343750e-02,1.275863647460937500e+00,3.250528592616319656e-03,9.044430044014006853e-05,-1.066808497937966936e-04
4.450000000000000178e+00,3.250528592616319656e-03,9.044430044014006853e-05,3.189468383789062500e-02,1.275787353515625000e+00,3.250529989600181580e-03,9.143228817265480757e-05,-1.066808956767647458e-04
4.459999999999999964e+00,3.250529989600181580e-03,9.143228817265480757e-05,3.189659118652343750e-02,1.275863647460937500e+00,3.250537905842065811e-03,9.180125925922766328e-05,-1.066815680609523124e-04
4.469999999999999751e+00,3.250537905842065811e-03,9.180125925922766328e-05,3.190040588378906250e-02,1.276016235351562500e+00,3.250543260946869850e-03,9.092412074096500874e-05,-1.066820773502097667e-04
4.480000000000000426e+00,3.250543260946869850e-03,9.092412074096500874e-05,3.190040588378906250e-02,1.276016235351562500e+00,3.250539768487215042e-03,9.005009633256122470e-05,-1.066817740590693685e-04
4.490000000000000213e+00,3.250539768487215042e-03,9.005009633256122470e-05,3.189468383789062500e-02,1.275787353515625000e+00,3.250537207350134850e-03,9.106785000767558813e-05,-1.066813318061889332e-04
4.500000000000000000e+00,3.250537207350134850e-03,9.106785000767558813e-05,3.189659118652343750e-02,1.275863647460937500e+00,3.250541398301720619e-03,9.145458170678466558e-05,-1.066817740852347990e-04
4.509999999999999787e+00,3.250541398301720619e-03,9.145458170678466558e-05,3.190040588378906250e-02,1.276016235351562500e+00,3.250543260946869850e-03,9.058378054760396481e-05,-1.066820605217478707e-04
4.520000000000000462e+00,3.250543260946869850e-03,9.058378054760396481e-05,3.189659118652343750e-02,1.275863647460937500e+00,3.250543028116226196e-03,9.098319424083456397e-05,-1.066818275692396080e-04
4.530000000000000249e+00,3.250543028116226196e-03,9.098319424083456397e-05,3.190040588378906250e-02,1.276016235351562500e+00,3.250540001317858696e-03,9.010954090626910329e-05,-1.066818062210711087e-04
4.540000000000000036e+00,3.250540001317858696e-03,9.010954090626910329e-05,3.189468383789062500e-02,1.275787353515625000e+00,3.250538138672709465e-03,9.112963016377761960e-05,-1.066814037134562374e-04
4.549999999999999822e+00,3.250538138672709465e-03,9.112963016377761960e-05,3.190040588378906250e-02,1.276016235351562500e+00,3.250536741688847542e-03,9.024242172017693520e-05,-1.066815936639095531e-04
4.560000000000000497e+00,3.250536741688847542e-03,9.024242172017693520e-05,3.189468383789062500e-02,1.275787353515625000e+00,3.250536043196916580e-03,9.125333599513396621e-05,-1.066812740232703466e-04
4.570000000000000284e+00,3.250536043196916580e-03,9.125333599513396621e-05,3.189659118652343750e-02,1.275863647460937500e+00,3.250542096793651581e-03,9.163933282252401114e-05,-1.066818368705288797e-04
4.580000000000000071e+00,3.250542096793651581e-03,9.163933282252401114e-05,3.190040588378906250e-02,1.276016235351562500e+00,3.250546054914593697e-03,9.077387949218973517e-05,-1.066822456901774375e-04
4.589999999999999858e+00,3.250546054914593697e-03,9.077387949218973517e-05,3.189659118652343750e-02,1.275863647460937500e+00,3.250547451898455620e-03,9.118489833781495690e-05,-1.066821414451539219e-04
4.600000000000000533e+00,3.250547451898455620e-03,9.118489833781495690e-05,3.190040588378906250e-02,1.276016235351562500e+00,3.250546753406524658e-03,9.032950038090348244e-05,-1.066822588578578981e-04
4.610000000000000320e+00,3.250546753406524658e-03,9.032950038090348244e-05,3.189659118652343750e-02,1.275863647460937500e+00,3.250543959438800812e-03,9.073593537323176861e-05,-1.066818631055073841e-04
4.620000000000000107e+00,3.250543959438800812e-03,9.073593537323176861e-05,3.189659118652343750e-02,1.275863647460937500e+00,3.250545123592019081e-03,9.113945998251438141e-05,-1.066819743855334715e-04
4.629999999999999893e+00,3.250545123592019081e-03,9.113945998251438141e-05,3.190040588378906250e-02,1.276016235351562500e+00,3.250543726608157158e-03,9.027507621794939041e-05,-1.066820585205383021e-04
4.639999999999999680e+00,3.250543726608157158e-03,9.027507621794939041e-05,3.189468383789062500e-02,1.275787353515625000e+00,3.250543493777513504e-03,9.130988473771139979e-05,-1.066817701128532254e-04
4.650000000000000355e+00,3.250543493777513504e-03,9.130988473771139979e-05,3.190040588378906250e-02,1.276016235351562500e+00,3.250543959438800812e-03,9.044333273777738214e-05,-1.066820858699361814e-04
4.660000000000000142e+00,3.250543959438800812e-03,9.044333273777738214e-05,3.189659118652343750e-02,1.275863647460937500e+00,3.250542096793651581e-03,9.084236808121204376e-05,-1.066817612316309433e-04
4.669999999999999929e+00,3.250542096793651581e-03,9.084236808121204376e-05,3.189659118652343750e-02,1.275863647460937500e+00,3.250544425100088120e-03,9.124200005317106843e-05,-1.066819402554065784e-04
4.679999999999999716e+00,3.250544425100088120e-03,9.124200005317106843e-05,3.190040588378906250e-02,1.276016235351562500e+00,3.250544192269444466e-03,9.037709969561547041e-05,-1.066820908696539436e-04
4.690000000000000391e+00,3.250544192269444466e-03,9.037709969561547041e-05,3.189659118652343750e-02,1.275863647460937500e+00,3.250541631132364273e-03,9.077559661818668246e-05,-1.066817228460659802e-04
4.700000000000000178e+00,3.250541631132364273e-03,9.077559661818668246e-05,3.189659118652343750e-02,1.275863647460937500e+00,3.250543260946869850e-03,9.117250738199800253e-05,-1.066818572249007000e-04
4.709999999999999964e+00,3.250543260946869850e-03,9.117250738199800253e-05,3.190040588378906250e-02,1.276016235351562500e+00,3.250542329624295235e-03,9.030258661368861794e-05,-1.066819605567395808e-04
4.719999999999999751e+00,3.250542329624295235e-03,9.030258661368861794e-05,3.189659118652343750e-02,1.275863647460937500e+00,3.250539069995284081e-03,9.069361112779006362e-05,-1.066815408724543316e-04
4.730000000000000426e+00,3.250539069995284081e-03,9.069361112779006362e-05,3.189659118652343750e-02,1.275863647460937500e+00,3.250539535656571388e-03,9.108035010285675526e-05,-1.066816175968827101e-04
4.740000000000000213e+00,3.250539535656571388e-03,9.108035010285675526e-05,3.190040588378906250e-02,1.276016235351562500e+00,3.250537673011422157e-03,9.019722347147762775e-05,-1.066816555139140141e-04
4.750000000000000000e+00,3.250537673011422157e-03,9.019722347147762775e-05,3.189468383789062500e-02,1.275787353515625000e+00,3.250536508858203888e-03,9.121072798734530807e-05,-1.066813074668318789e-04
4.759999999999999787e+00,3.250536508858203888e-03,9.121072798734530807e-05,3.189659118652343750e-02,1.275863647460937500e+00,3.250542329624295235e-03,9.159791079582646489e-05,-1.066818430429539454e-04
4.770000000000000462e+00,3.250542329624295235e-03,9.159791079582646489e-05,3.190040588378906250e-02,1.276016235351562500e+00,3.250545589253306389e-03,9.073228284250944853e-05,-1.066822248509456352e-04
4.780000000000000249e+00,3.250545589253306389e-03,9.073228284250944853e-05,3.189659118652343750e-02,1.275863647460937500e+00,3.250546753406524658e-03,9.114175918512046337e-05,-1.066820928580253523e-04
4.790000000000000036e+00,3.250546753406524658e-03,9.114175918512046337e-05,3.190040588378906250e-02,1.276016235351562500e+00,3.250545589253306389e-03,9.028339263750240207e-05,-1.066821809828768575e-04
4.799999999999999822e+00,3.250545589253306389e-03,9.028339263750240207e-05,3.189659118652343750e-02,1.275863647460937500e+00,3.250542329624295235e-03,9.068534563994035125e-05,-1.066817533243120193e-04
4.810000000000000497e+00,3.250542329624295235e-03,9.068534563994035125e-05,3.189659118652343750e-02,1.275863647460937500e+00,3.250542795285582542e-03,9.108272206503897905e-05,-1.066818290822911600e-04
4.820000000000000284e+00,3.250542795285582542e-03,9.108272206503897905e-05,3.190040588378906250e-02,1.276016235351562500e+00,3.250540932640433311e-03,9.021032019518315792e-05,-1.066818729906637440e-04
4.830000000000000071e+00,3.250540932640433311e-03,9.021032019518315792e-05,3.189659118652343750e-02,1.275863647460937500e+00,3.250536741688847542e-03,9.059582953341305256e-05,-1.066813908908237010e-04
4.839999999999999858e+00,3.250536741688847542e-03,9.059582953341305256e-05,3.189659118652343750e-02,1.275863647460937500e+00,3.250536508858203888e-03,9.097382280742749572e-05,-1.066814002631306409e-04
4.850000000000000533e+00,3.250536508858203888e-03,9.097382280742749572e-05,3.190040588378906250e-02,1.276016235351562500e+00,3.250533249229192734e-03,9.007845073938369751e-05,-1.066813638218930944e-04
4.860000000000000320e+00,3.250533249229192734e-03,9.007845073938369751e-05,3.189659118652343750e-02,1.275863647460937500e+00,3.250527661293745041e-03,9.043664613272994757e-05,-1.066807844573209213e-04
4.870000000000000107e+00,3.250527661293745041e-03,9.043664613272994757e-05,3.189468383789062500e-02,1.275787353515625000e+00,3.250528825446963310e-03,9.142123599303886294e-05,-1.066808239342509606e-04
4.879999999999999893e+00,3.250528825446963310e-03,9.142123599303886294e-05,3.189659118652343750e-02,1.275863647460937500e+00,3.250536508858203888e-03,9.178645268548280001e-05,-1.066814875521206960e-04
4.889999999999999680e+00,3.250536508858203888e-03,9.178645268548280001e-05,3.190040588378906250e-02,1.276016235351562500e+00,3.250541863963007927e-03,9.090506500797346234e-05,-1.066819854452494807e-04
4.900000000000000355e+00,3.250541863963007927e-03,9.090506500797346234e-05,3.189659118652343750e-02,1.275863647460937500e+00,3.250544657930731773e-03,9.130447142524644732e-05,-1.066819618664763372e-04
4.910000000000000142e+00,3.250544657930731773e-03,9.130447142524644732e-05,3.190040588378906250e-02,1.276016235351562500e+00,3.250544890761375427e-03,9.044139733305200934e-05,-1.066821538700134844e-04
4.919999999999999929e+00,3.250544890761375427e-03,9.044139733305200934e-05,3.189659118652343750e-02,1.275863647460937500e+00,3.250543260946869850e-03,9.084384510060772300e-05,-1.066818293863544531e-04
4.929999999999999716e+00,3.250543260946869850e-03,9.084384510060772300e-05,3.190040588378906250e-02,1.276016235351562500e+00,3.250538837164640427e-03,8.996863471111282706e-05,-1.066817167600036078e-04
4.940000000000000391e+00,3.250538837164640427e-03,8.996863471111282706e-05,3.189468383789062500e-02,1.275787353515625000e+00,3.250535577535629272e-03,9.098253212869167328e-05,-1.066812197688653957e-04
4.950000000000000178e+00,3.250535577535629272e-03,9.098253212869167328e-05,3.190040588378906250e-02,1.276016235351562500e+00,3.250532550737261772e-03,9.008428605739027262e-05,-1.066813094745589798e-04
4.959999999999999964e+00,3.250532550737261772e-03,9.008428605739027262e-05,3.189659118652343750e-02,1.275863647460937500e+00,3.250526962801814079e-03,9.043980389833450317e-05,-1.066807328029295587e-04
4.969999999999999751e+00,3.250526962801814079e-03,9.043980389833450317e-05,3.189468383789062500e-02,1.275787353515625000e+00,3.250527894124388695e-03,9.142182534560561180e-05,-1.066807732693711712e-04
4.980000000000000426e+00,3.250527894124388695e-03,9.142182534560561180e-05,3.190040588378906250e-02,1.276016235351562500e+00,3.250529291108250618e-03,9.050617518369108438e-05,-1.066811414654222933e-04
4.990000000000000213e+00,3.250529291108250618e-03,9.050617518369108438e-05,3.189659118652343750e-02,1.275863647460937500e+00,3.250527894124388695e-03,9.085818601306527853e-05,-1.066808382576298016e-04
